id;origem;familia;fonte;consulta;observacional;gabarito;leituras_alternativas;evidencias;apontamentos;divergencias_anotacao
P01;P;P;prototipo_busca_llm-main/backend/evaluation/test-cases.ts:6;preciso da carta MI 2965-2-NE do segundo cgeo;False;"keyword: ""2965-2-NE"" ; supplyArea: ""2° Centro de Geoinformação""";0;"keyword=['2965-2-NE'] ←'mi 2965-2-ne' ; supplyArea=['2° Centro de Geoinformação'] ←'segundo cgeo'";;
P02;P;P;prototipo_busca_llm-main/backend/evaluation/test-cases.ts:16;folha MI 2866-3 em escala 50k;False;"keyword: ""2866-3"" ; scale: ""1:50.000""";0;"keyword=['2866-3'] ←'mi 2866-3' ; scale=['1:50.000'] ←'50k'";;
P03;P;P;prototipo_busca_llm-main/backend/evaluation/test-cases.ts:26;MI 2901 do projeto olimpiadas;False;"keyword: ""2901"" ; project: ""Olimpíadas Rio 2016""";0;"project=['Olimpíadas Rio 2016'] ←'olimpiadas' ; keyword=['2901'] ←'mi 2901'";;
P04;P;P;prototipo_busca_llm-main/backend/evaluation/test-cases.ts:36;carta 530 em pequena escala;False;"keyword: ""530"" ; scale: ""1:250.000""";0;"keyword=['530'] ←'carta 530' ; scale=['1:250.000'] ←'pequena escala'";;
P05;P;P;prototipo_busca_llm-main/backend/evaluation/test-cases.ts:48;buscar folha SF-22-Y-D-II-4 do RS publicada esse ano;False;"keyword: ""SF-22-Y-D-II-4"" ; state: ""Rio Grande do Sul"" ; publicationPeriod: ano corrente";0;"keyword=['SF-22-Y-D-II-4'] ←'SF-22-Y-D-II-4' ; state=['Rio Grande do Sul'] ←'RS' ; publicationPeriod=[{'rel': 'ano_corrente'}] ←'esse ano'";;
P06;P;P;prototipo_busca_llm-main/backend/evaluation/test-cases.ts:62;carta SF-22-Y-D do tipo ortoimg;False;"keyword: ""SF-22-Y-D"" ; productType: ""SCN Carta Ortoimagem""";0;"keyword=['SF-22-Y-D'] ←'SF-22-Y-D' ; productType=['SCN Carta Ortoimagem'] ←'ortoimg'";;
P07;P;P;prototipo_busca_llm-main/backend/evaluation/test-cases.ts:72;inom SF-22-Y-D-II-4-SE criado pelo primeiro cgeo;False;"keyword: ""SF-22-Y-D-II-4-SE"" ; supplyArea: ""1° Centro de Geoinformação""";0;"keyword=['SF-22-Y-D-II-4-SE'] ←'SF-22-Y-D-II-4-SE' ; supplyArea=['1° Centro de Geoinformação'] ←'primeiro cgeo'";;
P08;P;P;prototipo_busca_llm-main/backend/evaluation/test-cases.ts:84;carta topográfica Passo da Seringueira em 1:25.000;False;"keyword: ""Passo da Seringueira"" ; scale: ""1:25.000"" ; productType: ""SCN Carta Topográfica Matricial""";0;"keyword=['Passo da Seringueira'] ←'carta topográfica Passo da Seringueira' ; scale=['1:25.000'] ←'1:25.000' ; productType=['SCN Carta Topográfica Matricial'] ←'topografic'";;
P09;P;P;prototipo_busca_llm-main/backend/evaluation/test-cases.ts:95;folha Porto Velho publicada em 2024;False;"keyword: ""Porto Velho"" ; publicationPeriod: 2024-01-01 a 2024-12-31";1;"keyword=['Porto Velho'] ←'folha Porto Velho' ; city=['Porto Velho'] ←'porto velho' ; publicationPeriod=[{'start': '2024-01-01', 'end': '2024-12-31'}] ←'em 2024'";;
P10;P;P;prototipo_busca_llm-main/backend/evaluation/test-cases.ts:108;carta Vale do Guaporé do projeto rondonia;False;"keyword: ""Vale do Guaporé"" ; project: ""Base Cartográfica Digital de Rondônia""";0;"project=['Base Cartográfica Digital de Rondônia'] ←'projeto rondonia' ; keyword=['Vale do Guaporé'] ←'carta Vale do Guaporé'";;
P11;P;P;prototipo_busca_llm-main/backend/evaluation/test-cases.ts:120;MI 2965-2-NE e SF-22-Y-D do terceiro cgeo em grande escala;False;"keyword: ""2965-2-NE"" ou ""SF-22-Y-D"" ; supplyArea: ""3° Centro de Geoinformação"" ; scale: ""1:25.000"" ou ""1:10.000"" ou ""1:5.000"" ou ""1:2.000"" ou ""1:1.000""";0;"keyword=['SF-22-Y-D', '2965-2-NE'] ←'SF-22-Y-D | mi 2965-2-ne' ; scale=['1:25.000', '1:10.000', '1:5.000', '1:2.000', '1:1.000'] ←'grande escala' ; supplyArea=['3° Centro de Geoinformação'] ←'terceiro cgeo'";;
P12;P;P;prototipo_busca_llm-main/backend/evaluation/test-cases.ts:131;cartas do tipo topo com MI 530 ou SF-22 publicadas esse ano;False;"keyword: ""530"" ou ""SF-22"" ; productType: ""SCN Carta Topográfica Matricial"" ; publicationPeriod: ano corrente";0;"keyword=['SF-22', '530'] ←'SF-22 | mi 530' ; productType=['SCN Carta Topográfica Matricial'] ←'topo' ; publicationPeriod=[{'rel': 'ano_corrente'}] ←'esse ano'";;
P13;P;P;prototipo_busca_llm-main/backend/evaluation/test-cases.ts:147;todas as cartas em escala maior que 100k do rio grande do sul;False;"state: ""Rio Grande do Sul"" ; scale: ""1:25.000"" ou ""1:50.000"" ou ""1:10.000"" ou ""1:5.000"" ou ""1:2.000"" ou ""1:1.000""";0;"scale=['1:50.000', '1:25.000', '1:10.000', '1:5.000', '1:2.000', '1:1.000'] ←'maior que 100k' ; state=['Rio Grande do Sul'] ←'rio grande do sul'";;
P14;P;P;prototipo_busca_llm-main/backend/evaluation/test-cases.ts:156;mapeamento detalhado (25k ou 50k) de brasilia;False;"scale: ""1:25.000"" ou ""1:50.000"" ; city: ""Brasília""";0;"scale=['1:25.000', '1:50.000'] ←'25k | 50k | detalhada' ; city=['Brasília'] ←'brasilia'";;
P15;P;P;prototipo_busca_llm-main/backend/evaluation/test-cases.ts:167;cartas criadas no último trimestre do ano passado do segundo cgeo;False;"supplyArea: ""2° Centro de Geoinformação"" ; creationPeriod: 4º trimestre do ano anterior";0;"supplyArea=['2° Centro de Geoinformação'] ←'segundo cgeo' ; creationPeriod=[{'rel': 'ultimo_trimestre_ano_anterior'}] ←'ultimo trimestre do ano passado'";;
P16;P;P;prototipo_busca_llm-main/backend/evaluation/test-cases.ts:179;produtos da semana passada do terceiro cgeo;False;"supplyArea: ""3° Centro de Geoinformação"" ; publicationPeriod: semana passada";1;"supplyArea=['3° Centro de Geoinformação'] ←'terceiro cgeo' ; publicationPeriod|creationPeriod=[{'rel': 'semana_passada'}] ←'semana passada'";;
P17;P;P;prototipo_busca_llm-main/backend/evaluation/test-cases.ts:193;cartas do mapeamento sistematico em goias;False;"project: ""Mapeamento Sistemático"" ; state: ""Goiás""";0;"project=['Mapeamento Sistemático'] ←'mapeamento sistematico' ; state=['Goiás'] ←'goias'";;
P18;P;P;prototipo_busca_llm-main/backend/evaluation/test-cases.ts:202;produtos da copa das confederacoes em fortaleza;False;"project: ""Copa das Confederações"" ; city: ""Fortaleza""";0;"project=['Copa das Confederações'] ←'copa das confederacoes' ; city=['Fortaleza'] ←'fortaleza'";;
P19;P;P;prototipo_busca_llm-main/backend/evaluation/test-cases.ts:213;primeiro mapeamento feito em cuiaba;False;"city: ""Cuiabá"" ; sortField: ""creationDate"" ; sortDirection: ""ASC"" ; limit: 1 (opcional)";0;"city=['Cuiabá'] ←'cuiaba' ; sortDirection=['ASC'] ←'primeiro' ; sortField=['creationDate'] ←'mapeamento feito'";;
P20;P;P;prototipo_busca_llm-main/backend/evaluation/test-cases.ts:223;ultima atualizacao do para;False;"state: ""Pará"" ; sortField: ""creationDate"" ; sortDirection: ""DESC"" ; limit: 1 (opcional)";0;"state=['Pará'] ←'para' ; sortDirection=['DESC'] ←'ultima' ; sortField=['creationDate'] ←'atualizac'";;
P21;P;P;prototipo_busca_llm-main/backend/evaluation/test-cases.ts:235;preciso das 5 cartas mais antigas do tipo ortoimg em escala detalhada do terceiro cgeo em pernambuco publicadas depois de 2020;False;"limit: 5 ; productType: ""SCN Carta Ortoimagem"" ; scale: ""1:25.000"" ; supplyArea: ""3° Centro de Geoinformação"" ; state: ""Pernambuco"" ; publicationPeriod: depois de 2020 ; sortField: ""creationDate"" ou ""publicationDate"" ; sortDirection: ""ASC""";0;"scale=['1:25.000'] ←'detalhada' ; productType=['SCN Carta Ortoimagem'] ←'ortoimg' ; supplyArea=['3° Centro de Geoinformação'] ←'terceiro cgeo' ; state=['Pernambuco'] ←'pernambuco' ; publicationPeriod=[{'rel': 'depois_de_2020'}] ←'depois de 2020' ; sortDirection=['ASC'] ←'mais antigas' ; sortField=['publicationDate', 'creationDate'] ←'(sem pista ligada à ordenação)' ; limit=[5] ←'5 cartas'";;
P22;P;P;prototipo_busca_llm-main/backend/evaluation/test-cases.ts:253;MI 2901 ou SF-22 do quarto cgeo no sudeste em pequena escala criado entre 2022 e 2023 ordem cronologica;False;"keyword: ""2901"" ou ""SF-22"" ; supplyArea: ""4° Centro de Geoinformação"" ; scale: ""1:250.000"" ; creationPeriod: 2022-01-01 a 2023-12-31 ; sortField: ""creationDate"" ou ""publicationDate"" ; sortDirection: ""ASC""";0;"keyword=['SF-22', '2901'] ←'SF-22 | mi 2901' ; scale=['1:250.000'] ←'pequena escala' ; supplyArea=['4° Centro de Geoinformação'] ←'quarto cgeo' ; __regiao__=['sudeste'] ←'sudeste' ; creationPeriod=[{'start': '2022-01-01', 'end': '2023-12-31'}] ←'entre 2022 e 2023' ; sortDirection=['ASC'] ←'ordem cronologica' ; sortField=['publicationDate', 'creationDate'] ←'(sem pista ligada à ordenação)'";;
N01;N;N;autores;cartas de São Paulo;False;"state: ""São Paulo""";1;state|city=['São Paulo'] ←'sao paulo';;
N02;N;N;autores;produtos em escala 1:50.000;False;"scale: ""1:50.000""";0;scale=['1:50.000'] ←'1:50.000';;
N03;N;N;autores;ortoimagens;False;"productType: ""SCN Carta Ortoimagem""";0;productType=['SCN Carta Ortoimagem'] ←'ortoimage';;
N04;N;N;autores;mapas do rj;False;"state: ""Rio de Janeiro""";0;state=['Rio de Janeiro'] ←'rj';;
N05;N;N;autores;carta 25k;False;"scale: ""1:25.000""";0;scale=['1:25.000'] ←'25k';;
N06;N;N;autores;folha SF-22-Y-D;False;"keyword: ""SF-22-Y-D""";0;keyword=['SF-22-Y-D'] ←'SF-22-Y-D';;
N07;N;N;autores;modelos digitais de terreno;False;"productType: ""MDT — RAM""";0;productType=['MDT — RAM'] ←'modelos digitais de terreno';;
N08;N;N;autores;cartas topográficas;False;"productType: ""SCN Carta Topográfica Matricial""";0;productType=['SCN Carta Topográfica Matricial'] ←'topografic';;
N09;N;N;autores;produtos do Amazonas;False;"state: ""Amazonas""";0;state=['Amazonas'] ←'amazonas';;
N10;N;N;autores;mi 2901;False;"keyword: ""2901""";0;keyword=['2901'] ←'mi 2901';;
N11;N;N;autores;cartas do 1º CGEO em Minas Gerais;False;"supplyArea: ""1° Centro de Geoinformação"" ; state: ""Minas Gerais""";0;"supplyArea=['1° Centro de Geoinformação'] ←'1 cgeo' ; state=['Minas Gerais'] ←'minas gerais'";;
N12;N;N;autores;ortoimagens de Manaus em 1:50.000;False;"productType: ""SCN Carta Ortoimagem"" ; city: ""Manaus"" ; scale: ""1:50.000""";0;"scale=['1:50.000'] ←'1:50.000' ; productType=['SCN Carta Ortoimagem'] ←'ortoimage' ; city=['Manaus'] ←'manaus'";;
N13;N;N;autores;mdt do para em 25k;False;"productType: ""MDT — RAM"" ; state: ""Pará"" ; scale: ""1:25.000""";0;"scale=['1:25.000'] ←'25k' ; productType=['MDT — RAM'] ←'mdt' ; state=['Pará'] ←'para'";;
N14;N;N;autores;folha 2965-2 do Rio Grande do Sul;False;"keyword: ""2965-2"" ; state: ""Rio Grande do Sul""";0;"keyword=['2965-2'] ←'folha 2965-2' ; state=['Rio Grande do Sul'] ←'rio grande do sul'";;
N15;N;N;autores;INOM SG-22-X-A;False;"keyword: ""SG-22-X-A""";0;keyword=['SG-22-X-A'] ←'SG-22-X-A';;
N16;N;N;autores;carta MI 3010 publicada em 2023;False;"keyword: ""3010"" ; publicationPeriod: 2023-01-01 a 2023-12-31";0;"keyword=['3010'] ←'mi 3010' ; publicationPeriod=[{'start': '2023-01-01', 'end': '2023-12-31'}] ←'em 2023'";;
N17;N;N;autores;produtos publicados nos últimos 3 meses;False;publicationPeriod: últimos 3 meses;0;publicationPeriod=[{'rel': 'ultimos_3_meses'}] ←'ultimos 3 meses';;
N18;N;N;autores;cartas do ano passado em Roraima;False;"state: ""Roraima"" ; publicationPeriod: ano anterior, inteiro";1;"state=['Roraima'] ←'roraima' ; publicationPeriod|creationPeriod=[{'rel': 'ano_anterior'}] ←'ano passado'";;
N19;N;N;autores;atualizações deste mês;False;publicationPeriod: mês corrente;1;publicationPeriod|creationPeriod=[{'rel': 'mes_corrente'}] ←'deste mes';;
N20;N;N;autores;cartas dos últimos 5 anos em escala 100k;False;"scale: ""1:100.000"" ; publicationPeriod: últimos 5 anos";1;"scale=['1:100.000'] ←'100k' ; publicationPeriod|creationPeriod=[{'rel': 'ultimos_5_anos'}] ←'ultimos 5 anos'";;
N21;N;N;autores;qualquer coisa de hoje;False;publicationPeriod: dia da execução;1;publicationPeriod|creationPeriod=[{'rel': 'hoje'}] ←'hoje';;
N22;N;N;autores;ortoimagens de 2 anos atrás;False;"productType: ""SCN Carta Ortoimagem"" ; publicationPeriod: ano de dois anos antes";1;"productType=['SCN Carta Ortoimagem'] ←'ortoimage' ; publicationPeriod|creationPeriod=[{'rel': 'dois_anos_atras'}] ←'2 anos atras'";;
N23;N;N;autores;produtos do trimestre passado do 4º CGEO;False;"supplyArea: ""4° Centro de Geoinformação"" ; publicationPeriod: trimestre anterior";1;"supplyArea=['4° Centro de Geoinformação'] ←'4 cgeo' ; publicationPeriod|creationPeriod=[{'rel': 'trimestre_anterior'}] ←'trimestre passado'";;
N24;N;N;autores;3 cartas mais recentes de Curitiba;False;"city: ""Curitiba"" ; limit: 3 ; sortField: ""publicationDate"" ou ""creationDate"" ; sortDirection: ""DESC""";0;"city=['Curitiba'] ←'curitiba' ; sortDirection=['DESC'] ←'mais recente' ; sortField=['publicationDate', 'creationDate'] ←'(sem pista ligada à ordenação)' ; limit=[3] ←'3 cartas'";;
N25;N;N;autores;10 primeiras ortoimagens do Nordeste;False;"productType: ""SCN Carta Ortoimagem"" ; limit: 10 ; sortField: ""publicationDate"" ou ""creationDate"" ; sortDirection: ""ASC""";0;"productType=['SCN Carta Ortoimagem'] ←'ortoimage' ; __regiao__=['nordeste'] ←'nordeste' ; sortDirection=['ASC'] ←'primeiras' ; sortField=['publicationDate', 'creationDate'] ←'(sem pista ligada à ordenação)' ; limit=[10] ←'10 primeiras'";;
N26;N;N;autores;mais antigas em rondonia;False;"state: ""Rondônia"" ; sortField: ""publicationDate"" ou ""creationDate"" ; sortDirection: ""ASC""";0;"state=['Rondônia'] ←'rondonia' ; sortDirection=['ASC'] ←'mais antigas' ; sortField=['publicationDate', 'creationDate'] ←'(sem pista ligada à ordenação)'";;
N27;N;N;autores;últimas 5 publicações;False;"limit: 5 ; sortField: ""publicationDate"" ; sortDirection: ""DESC""";0;"sortDirection=['DESC'] ←'ultimas' ; sortField=['publicationDate'] ←'ultimas 5 publicacoes' ; limit=[5] ←'5 publicacoes'";;
N28;N;N;autores;carta MI 2901 mais recente;False;"keyword: ""2901"" ; sortField: ""publicationDate"" ou ""creationDate"" ; sortDirection: ""DESC"" ; limit: 1 (opcional)";0;"keyword=['2901'] ←'mi 2901' ; sortDirection=['DESC'] ←'mais recente' ; sortField=['publicationDate', 'creationDate'] ←'(sem pista ligada à ordenação)'";;
N29;N;N;autores;três produtos mais antigos deste ano;False;"limit: 3 ; publicationPeriod: ano corrente ; sortField: ""publicationDate"" ou ""creationDate"" ; sortDirection: ""ASC""";1;"publicationPeriod|creationPeriod=[{'rel': 'ano_corrente'}] ←'deste ano' ; sortDirection=['ASC'] ←'mais antigos' ; sortField=['publicationDate', 'creationDate'] ←'(sem pista ligada à ordenação)' ; limit=[3] ←'tres produtos mais'";;
N30;N;N;autores;cartas topo do primeiro cgeo;False;"productType: ""SCN Carta Topográfica Matricial"" ; supplyArea: ""1° Centro de Geoinformação""";0;"productType=['SCN Carta Topográfica Matricial'] ←'topo' ; supplyArea=['1° Centro de Geoinformação'] ←'primeiro cgeo'";;
N31;N;N;autores;orto banda p;False;"productType: ""SCN Carta Ortoimagem Banda P Pol HH""";0;productType=['SCN Carta Ortoimagem Banda P Pol HH'] ←'banda p';;
N32;N;N;autores;mapas do rio em cem k;False;"state: ""Rio de Janeiro"" ; scale: ""1:100.000""";1;"scale=['1:100.000'] ←'cem k' ; state|city=['Rio de Janeiro'] ←'rio'";;
N33;N;N;autores;cartografia sistematica sp;False;"project: ""Mapeamento Sistemático"" ; state: ""São Paulo""";0;"project=['Mapeamento Sistemático'] ←'cartografia sistematica' ; state=['São Paulo'] ←'sp'";;
N34;N;N;autores;ortos da amazonia legal;False;"productType: ""SCN Carta Ortoimagem""";0;"productType=['SCN Carta Ortoimagem'] ←'ortos' ; __regiao__=['amazonia legal'] ←'amazonia legal'";;
N35;N;N;autores;sf22yd do dois cgeo;False;"keyword: ""SF-22-Y-D"" ; supplyArea: ""2° Centro de Geoinformação""";0;"keyword=['SF-22-Y-D'] ←'SF-22-Y-D' ; supplyArea=['2° Centro de Geoinformação'] ←'dois cgeo'";;
N36;N;N;autores;cartas fora do brasil;True;não chamar;0;;;
N37;N;N;autores;quero um mapa bonito;True;não chamar;0;;;
N38;N;N;autores;escala 1:10.000.000;True;não chamar;0;;;
N39;N;N;autores;cartas topo no oceano atlântico;True;"productType: ""SCN Carta Topográfica Matricial""";0;productType=['SCN Carta Topográfica Matricial'] ←'topo';;
N40;N;N;autores;cartas do futuro (ano 2050);True;publicationPeriod: 2050-01-01 a 2050-12-31;1;publicationPeriod|creationPeriod=[{'start': '2050-01-01', 'end': '2050-12-31'}] ←'ano 2050';;
GS001;G;GS;"generate_dataset.py:gen_simples · modelo ""cartas {prep} {estado}"" · semente 42";cartas do Acre;False;"state: ""Acre""";0;state=['Acre'] ←'acre';;
GS002;G;GS;"generate_dataset.py:gen_simples · modelo ""cartas {prep} {estado}"" · semente 42";cartas de AL;False;"state: ""Alagoas""";0;state=['Alagoas'] ←'AL';;
GS003;G;GS;"generate_dataset.py:gen_simples · modelo ""cartas {prep} {estado}"" · semente 42";cartas do AP;False;"state: ""Amapá""";0;state=['Amapá'] ←'AP';;
GS004;G;GS;"generate_dataset.py:gen_simples · modelo ""cartas {prep} {estado}"" · semente 42";cartas do Amazonas;False;"state: ""Amazonas""";0;state=['Amazonas'] ←'amazonas';;
GS005;G;GS;"generate_dataset.py:gen_simples · modelo ""cartas {prep} {estado}"" · semente 42";cartas da bahia;False;"state: ""Bahia""";0;state=['Bahia'] ←'bahia';;
GS006;G;GS;"generate_dataset.py:gen_simples · modelo ""cartas {prep} {estado}"" · semente 42";cartas do CE;False;"state: ""Ceará""";0;state=['Ceará'] ←'CE';;
GS007;G;GS;"generate_dataset.py:gen_simples · modelo ""cartas {prep} {estado}"" · semente 42";cartas do DF;False;"state: ""Distrito Federal""";0;state=['Distrito Federal'] ←'DF';;
GS008;G;GS;"generate_dataset.py:gen_simples · modelo ""cartas {prep} {estado}"" · semente 42";cartas do ES;False;"state: ""Espírito Santo""";0;state=['Espírito Santo'] ←'ES';;
GS009;G;GS;"generate_dataset.py:gen_simples · modelo ""cartas {prep} {estado}"" · semente 42";cartas de Goiás;False;"state: ""Goiás""";0;state=['Goiás'] ←'goias';;
GS010;G;GS;"generate_dataset.py:gen_simples · modelo ""cartas {prep} {estado}"" · semente 42";cartas do MA;False;"state: ""Maranhão""";0;state=['Maranhão'] ←'MA';;
GS011;G;GS;"generate_dataset.py:gen_simples · modelo ""cartas {prep} {estado}"" · semente 42";cartas de Mato Grosso;False;"state: ""Mato Grosso""";0;state=['Mato Grosso'] ←'mato grosso';;
GS012;G;GS;"generate_dataset.py:gen_simples · modelo ""cartas {prep} {estado}"" · semente 42";cartas de Mato Grosso do Sul;False;"state: ""Mato Grosso do Sul""";0;state=['Mato Grosso do Sul'] ←'mato grosso do sul';;
GS013;G;GS;"generate_dataset.py:gen_simples · modelo ""cartas {prep} {estado}"" · semente 42";cartas de MG;False;"state: ""Minas Gerais""";0;state=['Minas Gerais'] ←'MG';;
GS014;G;GS;"generate_dataset.py:gen_simples · modelo ""cartas {prep} {estado}"" · semente 42";cartas do Pará;False;"state: ""Pará""";0;state=['Pará'] ←'para';;
GS015;G;GS;"generate_dataset.py:gen_simples · modelo ""cartas {prep} {estado}"" · semente 42";cartas da paraíba;False;"state: ""Paraíba""";0;state=['Paraíba'] ←'paraiba';;
GS016;G;GS;"generate_dataset.py:gen_simples · modelo ""produtos {frase de escala}"" · semente 42";produtos na escala 1:1000;False;"scale: ""1:1.000""";0;scale=['1:1.000'] ←'1:1000';;
GS017;G;GS;"generate_dataset.py:gen_simples · modelo ""produtos {frase de escala}"" · semente 42";produtos na escala 1:2000;False;"scale: ""1:2.000""";0;scale=['1:2.000'] ←'1:2000';;
GS018;G;GS;"generate_dataset.py:gen_simples · modelo ""produtos {frase de escala}"" · semente 42";produtos na escala 1:5000;False;"scale: ""1:5.000""";0;scale=['1:5.000'] ←'1:5000';;
GS019;G;GS;"generate_dataset.py:gen_simples · modelo ""produtos {frase de escala}"" · semente 42";produtos na escala 1:10000;False;"scale: ""1:10.000""";0;scale=['1:10.000'] ←'1:10000';;
GS020;G;GS;"generate_dataset.py:gen_simples · modelo ""produtos {frase de escala}"" · semente 42";produtos na escala 1:25000;False;"scale: ""1:25.000""";0;scale=['1:25.000'] ←'1:25000';;
GS021;G;GS;"generate_dataset.py:gen_simples · modelo ""produtos {frase de escala}"" · semente 42";produtos na escala de 50 mil;False;"scale: ""1:50.000""";0;scale=['1:50.000'] ←'escala de 50 mil';;
GS022;G;GS;"generate_dataset.py:gen_simples · modelo ""produtos {frase de escala}"" · semente 42";produtos na escala de 100 mil;False;"scale: ""1:100.000""";0;scale=['1:100.000'] ←'escala de 100 mil';;
GS023;G;GS;"generate_dataset.py:gen_simples · modelo ""produtos {frase de escala}"" · semente 42";produtos em 250k;False;"scale: ""1:250.000""";0;scale=['1:250.000'] ←'250k';;
GS024;G;GS;"generate_dataset.py:gen_simples · modelo ""{tipo} disponíveis"" · semente 42";cartas topográficas disponíveis;False;"productType: ""SCN Carta Topográfica Matricial""";0;productType=['SCN Carta Topográfica Matricial'] ←'topografic';;
GS025;G;GS;"generate_dataset.py:gen_simples · modelo ""{tipo} disponíveis"" · semente 42";cartas vetoriais disponíveis;False;"productType: ""SCN Carta Topográfica Vetorial""";0;productType=['SCN Carta Topográfica Vetorial'] ←'vetoria';;
GS026;G;GS;"generate_dataset.py:gen_simples · modelo ""{tipo} disponíveis"" · semente 42";ortoimagens disponíveis;False;"productType: ""SCN Carta Ortoimagem""";0;productType=['SCN Carta Ortoimagem'] ←'ortoimage';;
GS027;G;GS;"generate_dataset.py:gen_simples · modelo ""{tipo} disponíveis"" · semente 42";ortoimagens banda P HH disponíveis;False;"productType: ""SCN Carta Ortoimagem Banda P Pol HH""";0;productType=['SCN Carta Ortoimagem Banda P Pol HH'] ←'banda p';;
GS028;G;GS;"generate_dataset.py:gen_simples · modelo ""{tipo} disponíveis"" · semente 42";ortoimagens banda X HH disponíveis;False;"productType: ""SCN Carta Ortoimagem Banda X Pol HH""";0;productType=['SCN Carta Ortoimagem Banda X Pol HH'] ←'banda x';;
GS029;G;GS;"generate_dataset.py:gen_simples · modelo ""{tipo} disponíveis"" · semente 42";MDTs disponíveis;False;"productType: ""MDT — RAM""";0;productType=['MDT — RAM'] ←'mdts';;
GS030;G;GS;"generate_dataset.py:gen_simples · modelo ""{tipo} disponíveis"" · semente 42";MDSs disponíveis;False;"productType: ""MDS — RAM""";0;productType=['MDS — RAM'] ←'mdss';;
GS031;G;GS;"generate_dataset.py:gen_simples · modelo ""{tipo} disponíveis"" · semente 42";cartas CIRC disponíveis;False;"productType: ""CIRC""";0;productType=['CIRC'] ←'circ';;
GS032;G;GS;"generate_dataset.py:gen_simples · modelo ""{tipo} disponíveis"" · semente 42";mapas temáticos disponíveis;False;"productType: ""Cartas Temáticas Não SCN""";0;productType=['Cartas Temáticas Não SCN'] ←'tematic';;
GS033;G;GS;"generate_dataset.py:gen_simples · modelo ""produtos do {cgeo}"" · semente 42";produtos do primeiro cgeo;False;"supplyArea: ""1° Centro de Geoinformação""";0;supplyArea=['1° Centro de Geoinformação'] ←'primeiro cgeo';;
GS034;G;GS;"generate_dataset.py:gen_simples · modelo ""produtos do {cgeo}"" · semente 42";produtos do 2o cgeo;False;"supplyArea: ""2° Centro de Geoinformação""";0;supplyArea=['2° Centro de Geoinformação'] ←'2o cgeo';;
GS035;G;GS;"generate_dataset.py:gen_simples · modelo ""produtos do {cgeo}"" · semente 42";produtos do 3o cgeo;False;"supplyArea: ""3° Centro de Geoinformação""";0;supplyArea=['3° Centro de Geoinformação'] ←'3o cgeo';;
GS036;G;GS;"generate_dataset.py:gen_simples · modelo ""produtos do {cgeo}"" · semente 42";produtos do quarto cgeo;False;"supplyArea: ""4° Centro de Geoinformação""";0;supplyArea=['4° Centro de Geoinformação'] ←'quarto cgeo';;
GS037;G;GS;"generate_dataset.py:gen_simples · modelo ""produtos do {cgeo}"" · semente 42";produtos do 5º CGEO;False;"supplyArea: ""5° Centro de Geoinformação""";0;supplyArea=['5° Centro de Geoinformação'] ←'5 cgeo';;
GS038;G;GS;"generate_dataset.py:gen_simples · modelo ""cartas de {município}"" · semente 42";cartas de Brasília;False;"city: ""Brasília""";0;city=['Brasília'] ←'brasilia';;
GS039;G;GS;"generate_dataset.py:gen_simples · modelo ""cartas de {município}"" · semente 42";cartas de Manaus;False;"city: ""Manaus""";0;city=['Manaus'] ←'manaus';;
GS040;G;GS;"generate_dataset.py:gen_simples · modelo ""cartas de {município}"" · semente 42";cartas de Porto Velho;False;"city: ""Porto Velho""";0;city=['Porto Velho'] ←'porto velho';;
GS041;G;GS;"generate_dataset.py:gen_simples · modelo ""cartas de {município}"" · semente 42";cartas de Cuiabá;False;"city: ""Cuiabá""";0;city=['Cuiabá'] ←'cuiaba';;
GS042;G;GS;"generate_dataset.py:gen_simples · modelo ""cartas de {município}"" · semente 42";cartas de Fortaleza;False;"city: ""Fortaleza""";0;city=['Fortaleza'] ←'fortaleza';;
GS043;G;GS;"generate_dataset.py:gen_simples · modelo ""cartas de {município}"" · semente 42";cartas de Salvador;False;"city: ""Salvador""";0;city=['Salvador'] ←'salvador';;
GS044;G;GS;"generate_dataset.py:gen_simples · modelo ""cartas de {município}"" · semente 42";cartas de Belo Horizonte;False;"city: ""Belo Horizonte""";0;city=['Belo Horizonte'] ←'belo horizonte';;
GS045;G;GS;"generate_dataset.py:gen_simples · modelo ""cartas de {município}"" · semente 42";cartas de Curitiba;False;"city: ""Curitiba""";0;city=['Curitiba'] ←'curitiba';;
GS046;G;GS;"generate_dataset.py:gen_simples · modelo ""cartas de {município}"" · semente 42";cartas de Porto Alegre;False;"city: ""Porto Alegre""";0;city=['Porto Alegre'] ←'porto alegre';;
GS047;G;GS;"generate_dataset.py:gen_simples · modelo ""cartas de {município}"" · semente 42";cartas de Recife;False;"city: ""Recife""";0;city=['Recife'] ←'recife';;
GS048;G;GS;"generate_dataset.py:gen_simples · modelo ""carta MI {mi}"" · semente 42";carta MI 2965-2-NE;False;"keyword: ""2965-2-NE""";0;keyword=['2965-2-NE'] ←'mi 2965-2-ne';;
GS049;G;GS;"generate_dataset.py:gen_simples · modelo ""carta MI {mi}"" · semente 42";carta MI 2866-3;False;"keyword: ""2866-3""";0;keyword=['2866-3'] ←'mi 2866-3';;
GS050;G;GS;"generate_dataset.py:gen_simples · modelo ""carta MI {mi}"" · semente 42";carta MI 2901;False;"keyword: ""2901""";0;keyword=['2901'] ←'mi 2901';;
GS051;G;GS;"generate_dataset.py:gen_simples · modelo ""carta MI {mi}"" · semente 42";carta MI 530;False;"keyword: ""530""";0;keyword=['530'] ←'mi 530';;
GS052;G;GS;"generate_dataset.py:gen_simples · modelo ""carta MI {mi}"" · semente 42";carta MI 3010;False;"keyword: ""3010""";0;keyword=['3010'] ←'mi 3010';;
GS053;G;GS;"generate_dataset.py:gen_simples · modelo ""carta MI {mi}"" · semente 42";carta MI 2965;False;"keyword: ""2965""";0;keyword=['2965'] ←'mi 2965';;
GS054;G;GS;"generate_dataset.py:gen_simples · modelo ""carta MI {mi}"" · semente 42";carta MI 2866-2-SO;False;"keyword: ""2866-2-SO""";0;keyword=['2866-2-SO'] ←'mi 2866-2-so';;
GS055;G;GS;"generate_dataset.py:gen_simples · modelo ""carta MI {mi}"" · semente 42";carta MI 2901-4-NE;False;"keyword: ""2901-4-NE""";0;keyword=['2901-4-NE'] ←'mi 2901-4-ne';;
GS056;G;GS;"generate_dataset.py:gen_simples · modelo ""folha INOM {inom}"" · semente 42";folha INOM SF-22-Y-D;False;"keyword: ""SF-22-Y-D""";0;keyword=['SF-22-Y-D'] ←'SF-22-Y-D';;
GS057;G;GS;"generate_dataset.py:gen_simples · modelo ""folha INOM {inom}"" · semente 42";folha INOM SF-22-Y-D-II;False;"keyword: ""SF-22-Y-D-II""";0;keyword=['SF-22-Y-D-II'] ←'SF-22-Y-D-II';;
GS058;G;GS;"generate_dataset.py:gen_simples · modelo ""folha INOM {inom}"" · semente 42";folha INOM SF-22-Y-D-II-4;False;"keyword: ""SF-22-Y-D-II-4""";0;keyword=['SF-22-Y-D-II-4'] ←'SF-22-Y-D-II-4';;
GS059;G;GS;"generate_dataset.py:gen_simples · modelo ""folha INOM {inom}"" · semente 42";folha INOM SF-22-Y-D-II-4-SE;False;"keyword: ""SF-22-Y-D-II-4-SE""";0;keyword=['SF-22-Y-D-II-4-SE'] ←'SF-22-Y-D-II-4-SE';;
GS060;G;GS;"generate_dataset.py:gen_simples · modelo ""folha INOM {inom}"" · semente 42";folha INOM SG-22-X-A;False;"keyword: ""SG-22-X-A""";0;keyword=['SG-22-X-A'] ←'SG-22-X-A';;
GS061;G;GS;"generate_dataset.py:gen_simples · modelo ""folha INOM {inom}"" · semente 42";folha INOM SF-23-V-C;False;"keyword: ""SF-23-V-C""";0;keyword=['SF-23-V-C'] ←'SF-23-V-C';;
GC001;G;GC;"generate_dataset.py:gen_compostas · modelo ""cartas {prep} {estado} {frase de escala}"" · semente 42";cartas do amapá na escala 1:2.000;False;"state: ""Amapá"" ; scale: ""1:2.000""";0;"scale=['1:2.000'] ←'1:2.000' ; state=['Amapá'] ←'amapa'";;
GC002;G;GC;"generate_dataset.py:gen_compostas · modelo ""cartas {prep} {estado} {frase de escala}"" · semente 42";cartas de Mato Grosso do Sul em 25k;False;"state: ""Mato Grosso do Sul"" ; scale: ""1:25.000""";0;"scale=['1:25.000'] ←'25k' ; state=['Mato Grosso do Sul'] ←'mato grosso do sul'";;
GC003;G;GC;"generate_dataset.py:gen_compostas · modelo ""cartas {prep} {estado} {frase de escala}"" · semente 42";cartas de santa catarina na escala 1:2.000;False;"state: ""Santa Catarina"" ; scale: ""1:2.000""";0;"scale=['1:2.000'] ←'1:2.000' ; state=['Santa Catarina'] ←'santa catarina'";;
GC004;G;GC;"generate_dataset.py:gen_compostas · modelo ""cartas {prep} {estado} {frase de escala}"" · semente 42";cartas do Amapá na escala de 25 mil;False;"state: ""Amapá"" ; scale: ""1:25.000""";0;"scale=['1:25.000'] ←'escala de 25 mil' ; state=['Amapá'] ←'amapa'";;
GC005;G;GC;"generate_dataset.py:gen_compostas · modelo ""cartas {prep} {estado} {frase de escala}"" · semente 42";cartas do RJ na escala 1:2000;False;"state: ""Rio de Janeiro"" ; scale: ""1:2.000""";0;"scale=['1:2.000'] ←'1:2000' ; state=['Rio de Janeiro'] ←'RJ'";;
GC006;G;GC;"generate_dataset.py:gen_compostas · modelo ""cartas {prep} {estado} {frase de escala}"" · semente 42";cartas de RO em 25k;False;"state: ""Rondônia"" ; scale: ""1:25.000""";0;"scale=['1:25.000'] ←'25k' ; state=['Rondônia'] ←'RO'";;
GC007;G;GC;"generate_dataset.py:gen_compostas · modelo ""cartas {prep} {estado} {frase de escala}"" · semente 42";cartas do ES na escala 1:100000;False;"state: ""Espírito Santo"" ; scale: ""1:100.000""";0;"scale=['1:100.000'] ←'1:100000' ; state=['Espírito Santo'] ←'ES'";;
GC008;G;GC;"generate_dataset.py:gen_compostas · modelo ""cartas {prep} {estado} {frase de escala}"" · semente 42";cartas da Paraíba em 50k;False;"state: ""Paraíba"" ; scale: ""1:50.000""";0;"scale=['1:50.000'] ←'50k' ; state=['Paraíba'] ←'paraiba'";;
GC009;G;GC;"generate_dataset.py:gen_compostas · modelo ""cartas {prep} {estado} {frase de escala}"" · semente 42";cartas de mato grosso do sul na escala de 10 mil;False;"state: ""Mato Grosso do Sul"" ; scale: ""1:10.000""";0;"scale=['1:10.000'] ←'escala de 10 mil' ; state=['Mato Grosso do Sul'] ←'mato grosso do sul'";;
GC010;G;GC;"generate_dataset.py:gen_compostas · modelo ""cartas {prep} {estado} {frase de escala}"" · semente 42";cartas de Goiás na escala 1:2000;False;"state: ""Goiás"" ; scale: ""1:2.000""";0;"scale=['1:2.000'] ←'1:2000' ; state=['Goiás'] ←'goias'";;
GC011;G;GC;"generate_dataset.py:gen_compostas · modelo ""cartas {prep} {estado} {frase de escala}"" · semente 42";cartas do Piauí na escala 1:10000;False;"state: ""Piauí"" ; scale: ""1:10.000""";0;"scale=['1:10.000'] ←'1:10000' ; state=['Piauí'] ←'piaui'";;
GC012;G;GC;"generate_dataset.py:gen_compostas · modelo ""cartas {prep} {estado} {frase de escala}"" · semente 42";cartas da paraíba na escala 1:25000;False;"state: ""Paraíba"" ; scale: ""1:25.000""";0;"scale=['1:25.000'] ←'1:25000' ; state=['Paraíba'] ←'paraiba'";;
GC013;G;GC;"generate_dataset.py:gen_compostas · modelo ""cartas {prep} {estado} {frase de escala}"" · semente 42";cartas de rondônia na escala 1:1000;False;"state: ""Rondônia"" ; scale: ""1:1.000""";0;"scale=['1:1.000'] ←'1:1000' ; state=['Rondônia'] ←'rondonia'";;
GC014;G;GC;"generate_dataset.py:gen_compostas · modelo ""cartas {prep} {estado} {frase de escala}"" · semente 42";cartas do TO na escala 1:50000;False;"state: ""Tocantins"" ; scale: ""1:50.000""";0;"scale=['1:50.000'] ←'1:50000' ; state=['Tocantins'] ←'TO'";;
GC015;G;GC;"generate_dataset.py:gen_compostas · modelo ""cartas {prep} {estado} {frase de escala}"" · semente 42";cartas de GO na escala de 10 mil;False;"state: ""Goiás"" ; scale: ""1:10.000""";0;"scale=['1:10.000'] ←'escala de 10 mil' ; state=['Goiás'] ←'GO'";;
GC016;G;GC;"generate_dataset.py:gen_compostas · modelo ""cartas {prep} {estado} {frase de escala}"" · semente 42";cartas de roraima na escala de 10 mil;False;"state: ""Roraima"" ; scale: ""1:10.000""";0;"scale=['1:10.000'] ←'escala de 10 mil' ; state=['Roraima'] ←'roraima'";;
GC017;G;GC;"generate_dataset.py:gen_compostas · modelo ""cartas {prep} {estado} {frase de escala}"" · semente 42";cartas do paraná na escala 1:250000;False;"state: ""Paraná"" ; scale: ""1:250.000""";0;"scale=['1:250.000'] ←'1:250000' ; state=['Paraná'] ←'parana'";;
GC018;G;GC;"generate_dataset.py:gen_compostas · modelo ""cartas {prep} {estado} {frase de escala}"" · semente 42";cartas do Piauí em escala detalhada;False;"state: ""Piauí"" ; scale: ""1:25.000""";0;"scale=['1:25.000'] ←'detalhada' ; state=['Piauí'] ←'piaui'";;
GC019;G;GC;"generate_dataset.py:gen_compostas · modelo ""cartas {prep} {estado} {frase de escala}"" · semente 42";cartas do rio de janeiro em 50k;False;"state: ""Rio de Janeiro"" ; scale: ""1:50.000""";1;"scale=['1:50.000'] ←'50k' ; state|city=['Rio de Janeiro'] ←'rio de janeiro'";;
GC020;G;GC;"generate_dataset.py:gen_compostas · modelo ""cartas {prep} {estado} {frase de escala}"" · semente 42";cartas da Bahia em 250k;False;"state: ""Bahia"" ; scale: ""1:250.000""";0;"scale=['1:250.000'] ←'250k' ; state=['Bahia'] ←'bahia'";;
GC021;G;GC;"generate_dataset.py:gen_compostas · modelo ""cartas {prep} {estado} {frase de escala}"" · semente 42";cartas de SP na escala 1:2000;False;"state: ""São Paulo"" ; scale: ""1:2.000""";0;"scale=['1:2.000'] ←'1:2000' ; state=['São Paulo'] ←'SP'";;
GC022;G;GC;"generate_dataset.py:gen_compostas · modelo ""cartas {prep} {estado} {frase de escala}"" · semente 42";cartas do RS na escala de 100 mil;False;"state: ""Rio Grande do Sul"" ; scale: ""1:100.000""";0;"scale=['1:100.000'] ←'escala de 100 mil' ; state=['Rio Grande do Sul'] ←'RS'";;
GC023;G;GC;"generate_dataset.py:gen_compostas · modelo ""cartas {prep} {estado} {frase de escala}"" · semente 42";cartas do amapá na escala de 100 mil;False;"state: ""Amapá"" ; scale: ""1:100.000""";0;"scale=['1:100.000'] ←'escala de 100 mil' ; state=['Amapá'] ←'amapa'";;
GC024;G;GC;"generate_dataset.py:gen_compostas · modelo ""cartas {prep} {estado} {frase de escala}"" · semente 42";cartas da Paraíba em 25k;False;"state: ""Paraíba"" ; scale: ""1:25.000""";0;"scale=['1:25.000'] ←'25k' ; state=['Paraíba'] ←'paraiba'";;
GC025;G;GC;"generate_dataset.py:gen_compostas · modelo ""cartas {prep} {estado} {frase de escala}"" · semente 42";cartas de Rondônia na escala 1:2.000;False;"state: ""Rondônia"" ; scale: ""1:2.000""";0;"scale=['1:2.000'] ←'1:2.000' ; state=['Rondônia'] ←'rondonia'";;
GC026;G;GC;"generate_dataset.py:gen_compostas · modelo ""cartas {prep} {estado} {frase de escala}"" · semente 42";cartas de São Paulo em 50k;False;"state: ""São Paulo"" ; scale: ""1:50.000""";1;"scale=['1:50.000'] ←'50k' ; state|city=['São Paulo'] ←'sao paulo'";;
GC027;G;GC;"generate_dataset.py:gen_compostas · modelo ""cartas {prep} {estado} {frase de escala}"" · semente 42";cartas do maranhão na escala 1:5.000;False;"state: ""Maranhão"" ; scale: ""1:5.000""";0;"scale=['1:5.000'] ←'1:5.000' ; state=['Maranhão'] ←'maranhao'";;
GC028;G;GC;"generate_dataset.py:gen_compostas · modelo ""cartas {prep} {estado} {frase de escala}"" · semente 42";cartas do Acre na escala 1:25000;False;"state: ""Acre"" ; scale: ""1:25.000""";0;"scale=['1:25.000'] ←'1:25000' ; state=['Acre'] ←'acre'";;
GC029;G;GC;"generate_dataset.py:gen_compostas · modelo ""cartas {prep} {estado} {frase de escala}"" · semente 42";cartas de PE na escala 1:25000;False;"state: ""Pernambuco"" ; scale: ""1:25.000""";0;"scale=['1:25.000'] ←'1:25000' ; state=['Pernambuco'] ←'PE'";;
GC030;G;GC;"generate_dataset.py:gen_compostas · modelo ""cartas {prep} {estado} {frase de escala}"" · semente 42";cartas da bahia na escala 1:5000;False;"state: ""Bahia"" ; scale: ""1:5.000""";0;"scale=['1:5.000'] ←'1:5000' ; state=['Bahia'] ←'bahia'";;
GC031;G;GC;"generate_dataset.py:gen_compostas · modelo ""mapas de {município} {frase de escala}"" · semente 42";mapas de Recife na escala 1:50000;False;"city: ""Recife"" ; scale: ""1:50.000""";0;"scale=['1:50.000'] ←'1:50000' ; city=['Recife'] ←'recife'";;
GC032;G;GC;"generate_dataset.py:gen_compostas · modelo ""mapas de {município} {frase de escala}"" · semente 42";mapas de Brasília na escala 1:2.000;False;"city: ""Brasília"" ; scale: ""1:2.000""";0;"scale=['1:2.000'] ←'1:2.000' ; city=['Brasília'] ←'brasilia'";;
GC033;G;GC;"generate_dataset.py:gen_compostas · modelo ""mapas de {município} {frase de escala}"" · semente 42";mapas de Fortaleza na escala 1:10000;False;"city: ""Fortaleza"" ; scale: ""1:10.000""";0;"scale=['1:10.000'] ←'1:10000' ; city=['Fortaleza'] ←'fortaleza'";;
GC034;G;GC;"generate_dataset.py:gen_compostas · modelo ""mapas de {município} {frase de escala}"" · semente 42";mapas de Cuiabá na escala 1:2000;False;"city: ""Cuiabá"" ; scale: ""1:2.000""";0;"scale=['1:2.000'] ←'1:2000' ; city=['Cuiabá'] ←'cuiaba'";;
GC035;G;GC;"generate_dataset.py:gen_compostas · modelo ""mapas de {município} {frase de escala}"" · semente 42";mapas de Belém em 250k;False;"city: ""Belém"" ; scale: ""1:250.000""";0;"scale=['1:250.000'] ←'250k' ; city=['Belém'] ←'belem'";;
GC036;G;GC;"generate_dataset.py:gen_compostas · modelo ""mapas de {município} {frase de escala}"" · semente 42";mapas de Porto Alegre na escala 1:5000;False;"city: ""Porto Alegre"" ; scale: ""1:5.000""";0;"scale=['1:5.000'] ←'1:5000' ; city=['Porto Alegre'] ←'porto alegre'";;
GC037;G;GC;"generate_dataset.py:gen_compostas · modelo ""mapas de {município} {frase de escala}"" · semente 42";mapas de Goiânia na escala 1:250000;False;"city: ""Goiânia"" ; scale: ""1:250.000""";0;"scale=['1:250.000'] ←'1:250000' ; city=['Goiânia'] ←'goiania'";;
GC038;G;GC;"generate_dataset.py:gen_compostas · modelo ""mapas de {município} {frase de escala}"" · semente 42";mapas de Fortaleza em 100k;False;"city: ""Fortaleza"" ; scale: ""1:100.000""";0;"scale=['1:100.000'] ←'100k' ; city=['Fortaleza'] ←'fortaleza'";;
GC039;G;GC;"generate_dataset.py:gen_compostas · modelo ""{tipo} {prep} {estado}"" · semente 42";cartas temáticas de São Paulo;False;"productType: ""Cartas Temáticas Não SCN"" ; state: ""São Paulo""";1;"productType=['Cartas Temáticas Não SCN'] ←'tematic' ; state|city=['São Paulo'] ←'sao paulo'";;
GC040;G;GC;"generate_dataset.py:gen_compostas · modelo ""{tipo} {prep} {estado}"" · semente 42";ortoimagens banda X HH de minas;False;"productType: ""SCN Carta Ortoimagem Banda X Pol HH"" ; state: ""Minas Gerais""";0;"productType=['SCN Carta Ortoimagem Banda X Pol HH'] ←'banda x' ; state=['Minas Gerais'] ←'minas'";;
GC041;G;GC;"generate_dataset.py:gen_compostas · modelo ""{tipo} {prep} {estado}"" · semente 42";cartas temáticas da PB;False;"productType: ""Cartas Temáticas Não SCN"" ; state: ""Paraíba""";0;"productType=['Cartas Temáticas Não SCN'] ←'tematic' ; state=['Paraíba'] ←'PB'";;
GC042;G;GC;"generate_dataset.py:gen_compostas · modelo ""{tipo} {prep} {estado}"" · semente 42";ortoimagens banda P HH do amapá;False;"productType: ""SCN Carta Ortoimagem Banda P Pol HH"" ; state: ""Amapá""";0;"productType=['SCN Carta Ortoimagem Banda P Pol HH'] ←'banda p' ; state=['Amapá'] ←'amapa'";;
GC043;G;GC;"generate_dataset.py:gen_compostas · modelo ""{tipo} {prep} {estado}"" · semente 42";cartas temáticas do Espírito Santo;False;"productType: ""Cartas Temáticas Não SCN"" ; state: ""Espírito Santo""";0;"productType=['Cartas Temáticas Não SCN'] ←'tematic' ; state=['Espírito Santo'] ←'espirito santo'";;
GC044;G;GC;"generate_dataset.py:gen_compostas · modelo ""{tipo} {prep} {estado}"" · semente 42";cartas topográficas do Amapá;False;"productType: ""SCN Carta Topográfica Matricial"" ; state: ""Amapá""";0;"productType=['SCN Carta Topográfica Matricial'] ←'topografic' ; state=['Amapá'] ←'amapa'";;
GC045;G;GC;"generate_dataset.py:gen_compostas · modelo ""produtos do projeto {projeto} {em} {estado}"" · semente 42";produtos do projeto copa das confederacoes no AP;False;"project: ""Copa das Confederações"" ; state: ""Amapá""";0;"project=['Copa das Confederações'] ←'copa das confederacoes' ; state=['Amapá'] ←'AP'";;
GC046;G;GC;"generate_dataset.py:gen_compostas · modelo ""produtos do projeto {projeto} {em} {estado}"" · semente 42";produtos do projeto olimpiadas em PE;False;"project: ""Olimpíadas Rio 2016"" ; state: ""Pernambuco""";0;"project=['Olimpíadas Rio 2016'] ←'olimpiadas' ; state=['Pernambuco'] ←'PE'";;
GC047;G;GC;"generate_dataset.py:gen_compostas · modelo ""produtos do projeto {projeto} {em} {estado}"" · semente 42";produtos do projeto NGA-BECA no Distrito Federal;False;"project: ""NGA-BECA"" ; state: ""Distrito Federal""";0;"project=['NGA-BECA'] ←'nga-beca' ; state=['Distrito Federal'] ←'distrito federal'";;
GC048;G;GC;"generate_dataset.py:gen_compostas · modelo ""produtos do projeto {projeto} {em} {estado}"" · semente 42";produtos do projeto beca no espírito santo;False;"project: ""NGA-BECA"" ; state: ""Espírito Santo""";0;"project=['NGA-BECA'] ←'beca' ; state=['Espírito Santo'] ←'espirito santo'";;
GC049;G;GC;"generate_dataset.py:gen_compostas · modelo ""produtos do projeto {projeto} {em} {estado}"" · semente 42";produtos do projeto copa das confederacoes no AM;False;"project: ""Copa das Confederações"" ; state: ""Amazonas""";0;"project=['Copa das Confederações'] ←'copa das confederacoes' ; state=['Amazonas'] ←'AM'";;
GC050;G;GC;"generate_dataset.py:gen_compostas · modelo ""produtos do projeto {projeto} {em} {estado}"" · semente 42";produtos do projeto BCD de Rondônia no pará;False;"project: ""Base Cartográfica Digital de Rondônia"" ; state: ""Pará""";0;"project=['Base Cartográfica Digital de Rondônia'] ←'bcd de rondonia' ; state=['Pará'] ←'para'";;
GC051;G;GC;"generate_dataset.py:gen_compostas · modelo ""cartas do {cgeo} {frase de escala}"" · semente 42";cartas do 1º CGEO na escala 1:2.000;False;"supplyArea: ""1° Centro de Geoinformação"" ; scale: ""1:2.000""";0;"scale=['1:2.000'] ←'1:2.000' ; supplyArea=['1° Centro de Geoinformação'] ←'1 cgeo'";;
GC052;G;GC;"generate_dataset.py:gen_compostas · modelo ""cartas do {cgeo} {frase de escala}"" · semente 42";cartas do 3o cgeo na escala 1:2000;False;"supplyArea: ""3° Centro de Geoinformação"" ; scale: ""1:2.000""";0;"scale=['1:2.000'] ←'1:2000' ; supplyArea=['3° Centro de Geoinformação'] ←'3o cgeo'";;
GC053;G;GC;"generate_dataset.py:gen_compostas · modelo ""cartas do {cgeo} {frase de escala}"" · semente 42";cartas do 2o cgeo em pequena escala;False;"supplyArea: ""2° Centro de Geoinformação"" ; scale: ""1:250.000""";0;"scale=['1:250.000'] ←'pequena escala' ; supplyArea=['2° Centro de Geoinformação'] ←'2o cgeo'";;
GC054;G;GC;"generate_dataset.py:gen_compostas · modelo ""cartas do {cgeo} {frase de escala}"" · semente 42";cartas do 2 CGEO na escala 1:25000;False;"supplyArea: ""2° Centro de Geoinformação"" ; scale: ""1:25.000""";0;"scale=['1:25.000'] ←'1:25000' ; supplyArea=['2° Centro de Geoinformação'] ←'2 cgeo'";;
GC055;G;GC;"generate_dataset.py:gen_compostas · modelo ""cartas do {cgeo} {frase de escala}"" · semente 42";cartas do 1º CGEO em 250k;False;"supplyArea: ""1° Centro de Geoinformação"" ; scale: ""1:250.000""";0;"scale=['1:250.000'] ←'250k' ; supplyArea=['1° Centro de Geoinformação'] ←'1 cgeo'";;
GM001;G;GM;"generate_dataset.py:gen_micodes · modelo ""folha MI {mi} {prep} {estado}"" · semente 42";folha MI 2965-2-NE do Rio Grande do Sul;False;"keyword: ""2965-2-NE"" ; state: ""Rio Grande do Sul""";0;"keyword=['2965-2-NE'] ←'mi 2965-2-ne' ; state=['Rio Grande do Sul'] ←'rio grande do sul'";;
GM002;G;GM;"generate_dataset.py:gen_micodes · modelo ""folha MI {mi} {prep} {estado}"" · semente 42";folha MI 2866-3 do TO;False;"keyword: ""2866-3"" ; state: ""Tocantins""";0;"keyword=['2866-3'] ←'mi 2866-3' ; state=['Tocantins'] ←'TO'";;
GM003;G;GM;"generate_dataset.py:gen_micodes · modelo ""folha MI {mi} {prep} {estado}"" · semente 42";folha MI 2901 do AP;False;"keyword: ""2901"" ; state: ""Amapá""";0;"keyword=['2901'] ←'mi 2901' ; state=['Amapá'] ←'AP'";;
GM004;G;GM;"generate_dataset.py:gen_micodes · modelo ""folha MI {mi} {prep} {estado}"" · semente 42";folha MI 530 do ceará;False;"keyword: ""530"" ; state: ""Ceará""";0;"keyword=['530'] ←'mi 530' ; state=['Ceará'] ←'ceara'";;
GM005;G;GM;"generate_dataset.py:gen_micodes · modelo ""folha MI {mi} {prep} {estado}"" · semente 42";folha MI 3010 do paraná;False;"keyword: ""3010"" ; state: ""Paraná""";0;"keyword=['3010'] ←'mi 3010' ; state=['Paraná'] ←'parana'";;
GM006;G;GM;"generate_dataset.py:gen_micodes · modelo ""folha MI {mi} {prep} {estado}"" · semente 42";folha MI 2965 do distrito federal;False;"keyword: ""2965"" ; state: ""Distrito Federal""";0;"keyword=['2965'] ←'mi 2965' ; state=['Distrito Federal'] ←'distrito federal'";;
GM007;G;GM;"generate_dataset.py:gen_micodes · modelo ""folha MI {mi} {prep} {estado}"" · semente 42";folha MI 2866-2-SO de AL;False;"keyword: ""2866-2-SO"" ; state: ""Alagoas""";0;"keyword=['2866-2-SO'] ←'mi 2866-2-so' ; state=['Alagoas'] ←'AL'";;
GM008;G;GM;"generate_dataset.py:gen_micodes · modelo ""folha MI {mi} {prep} {estado}"" · semente 42";folha MI 2901-4-NE de MG;False;"keyword: ""2901-4-NE"" ; state: ""Minas Gerais""";0;"keyword=['2901-4-NE'] ←'mi 2901-4-ne' ; state=['Minas Gerais'] ←'MG'";;
GM009;G;GM;"generate_dataset.py:gen_micodes · modelo ""folha MI {mi} {prep} {estado}"" · semente 42";folha MI 531-1-NE de minas;False;"keyword: ""531-1-NE"" ; state: ""Minas Gerais""";0;"keyword=['531-1-NE'] ←'mi 531-1-ne' ; state=['Minas Gerais'] ←'minas'";;
GM010;G;GM;"generate_dataset.py:gen_micodes · modelo ""folha MI {mi} {prep} {estado}"" · semente 42";folha MI 2965-3 de Sergipe;False;"keyword: ""2965-3"" ; state: ""Sergipe""";0;"keyword=['2965-3'] ←'mi 2965-3' ; state=['Sergipe'] ←'sergipe'";;
GM011;G;GM;"generate_dataset.py:gen_micodes · modelo ""folha MI {mi} {prep} {estado}"" · semente 42";folha MI 2866-3-NO do maranhão;False;"keyword: ""2866-3-NO"" ; state: ""Maranhão""";0;"keyword=['2866-3-NO'] ←'mi 2866-3-no' ; state=['Maranhão'] ←'maranhao'";;
GM012;G;GM;"generate_dataset.py:gen_micodes · modelo ""folha MI {mi} {prep} {estado}"" · semente 42";folha MI 3010-2-SE de Roraima;False;"keyword: ""3010-2-SE"" ; state: ""Roraima""";0;"keyword=['3010-2-SE'] ←'mi 3010-2-se' ; state=['Roraima'] ←'roraima'";;
GM013;G;GM;"generate_dataset.py:gen_micodes · modelo ""INOM {inom} do tipo {tipo}"" · semente 42";INOM SF-22-Y-D do tipo temática;False;"keyword: ""SF-22-Y-D"" ; productType: ""Cartas Temáticas Não SCN""";0;"keyword=['SF-22-Y-D'] ←'SF-22-Y-D' ; productType=['Cartas Temáticas Não SCN'] ←'tematic'";;
GM014;G;GM;"generate_dataset.py:gen_micodes · modelo ""INOM {inom} do tipo {tipo}"" · semente 42";INOM SF-22-Y-D-II do tipo ortoimagem;False;"keyword: ""SF-22-Y-D-II"" ; productType: ""SCN Carta Ortoimagem""";0;"keyword=['SF-22-Y-D-II'] ←'SF-22-Y-D-II' ; productType=['SCN Carta Ortoimagem'] ←'ortoimage'";;
GM015;G;GM;"generate_dataset.py:gen_micodes · modelo ""INOM {inom} do tipo {tipo}"" · semente 42";INOM SF-22-Y-D-II-4 do tipo banda X HH;False;"keyword: ""SF-22-Y-D-II-4"" ; productType: ""SCN Carta Ortoimagem Banda X Pol HH""";0;"keyword=['SF-22-Y-D-II-4'] ←'SF-22-Y-D-II-4' ; productType=['SCN Carta Ortoimagem Banda X Pol HH'] ←'banda x'";;
GM016;G;GM;"generate_dataset.py:gen_micodes · modelo ""INOM {inom} do tipo {tipo}"" · semente 42";INOM SF-22-Y-D-II-4-SE do tipo topográfica;False;"keyword: ""SF-22-Y-D-II-4-SE"" ; productType: ""SCN Carta Topográfica Matricial""";0;"keyword=['SF-22-Y-D-II-4-SE'] ←'SF-22-Y-D-II-4-SE' ; productType=['SCN Carta Topográfica Matricial'] ←'topografic'";;
GM017;G;GM;"generate_dataset.py:gen_micodes · modelo ""INOM {inom} do tipo {tipo}"" · semente 42";INOM SG-22-X-A do tipo MDT;False;"keyword: ""SG-22-X-A"" ; productType: ""MDT — RAM""";0;"keyword=['SG-22-X-A'] ←'SG-22-X-A' ; productType=['MDT — RAM'] ←'mdt'";;
GM018;G;GM;"generate_dataset.py:gen_micodes · modelo ""INOM {inom} do tipo {tipo}"" · semente 42";INOM SF-23-V-C do tipo topo;False;"keyword: ""SF-23-V-C"" ; productType: ""SCN Carta Topográfica Matricial""";0;"keyword=['SF-23-V-C'] ←'SF-23-V-C' ; productType=['SCN Carta Topográfica Matricial'] ←'topo'";;
GM019;G;GM;"generate_dataset.py:gen_micodes · modelo ""INOM {inom} do tipo {tipo}"" · semente 42";INOM SG-21-Z-B do tipo temática;False;"keyword: ""SG-21-Z-B"" ; productType: ""Cartas Temáticas Não SCN""";0;"keyword=['SG-21-Z-B'] ←'SG-21-Z-B' ; productType=['Cartas Temáticas Não SCN'] ←'tematic'";;
GM020;G;GM;"generate_dataset.py:gen_micodes · modelo ""INOM {inom} do tipo {tipo}"" · semente 42";INOM SH-22-W-A-III-1-NE do tipo topográfica;False;"keyword: ""SH-22-W-A-III-1-NE"" ; productType: ""SCN Carta Topográfica Matricial""";0;"keyword=['SH-22-W-A-III-1-NE'] ←'SH-22-W-A-III-1-NE' ; productType=['SCN Carta Topográfica Matricial'] ←'topografic'";;
GM021;G;GM;"generate_dataset.py:gen_micodes · modelo ""INOM {inom} do tipo {tipo}"" · semente 42";INOM SG-22-Z-D-II-3 do tipo ortoimagem;False;"keyword: ""SG-22-Z-D-II-3"" ; productType: ""SCN Carta Ortoimagem""";0;"keyword=['SG-22-Z-D-II-3'] ←'SG-22-Z-D-II-3' ; productType=['SCN Carta Ortoimagem'] ←'ortoimage'";;
GM022;G;GM;"generate_dataset.py:gen_micodes · modelo ""INOM {inom} do tipo {tipo}"" · semente 42";INOM SF-24-Y-A do tipo vetorial;False;"keyword: ""SF-24-Y-A"" ; productType: ""SCN Carta Topográfica Vetorial""";0;"keyword=['SF-24-Y-A'] ←'SF-24-Y-A' ; productType=['SCN Carta Topográfica Vetorial'] ←'vetoria'";;
GM023;G;GM;"generate_dataset.py:gen_micodes · modelo ""MI {mi} produzido pelo {cgeo}"" · semente 42";MI 2866-2-SO produzido pelo 1 CGEO;False;"keyword: ""2866-2-SO"" ; supplyArea: ""1° Centro de Geoinformação""";0;"keyword=['2866-2-SO'] ←'mi 2866-2-so' ; supplyArea=['1° Centro de Geoinformação'] ←'1 cgeo'";;
GM024;G;GM;"generate_dataset.py:gen_micodes · modelo ""MI {mi} produzido pelo {cgeo}"" · semente 42";MI 2866-3 produzido pelo quinto cgeo;False;"keyword: ""2866-3"" ; supplyArea: ""5° Centro de Geoinformação""";0;"keyword=['2866-3'] ←'mi 2866-3' ; supplyArea=['5° Centro de Geoinformação'] ←'quinto cgeo'";;
GM025;G;GM;"generate_dataset.py:gen_micodes · modelo ""MI {mi} produzido pelo {cgeo}"" · semente 42";MI 2965-3 produzido pelo 3o cgeo;False;"keyword: ""2965-3"" ; supplyArea: ""3° Centro de Geoinformação""";0;"keyword=['2965-3'] ←'mi 2965-3' ; supplyArea=['3° Centro de Geoinformação'] ←'3o cgeo'";;
GM026;G;GM;"generate_dataset.py:gen_micodes · modelo ""MI {mi} produzido pelo {cgeo}"" · semente 42";MI 530 produzido pelo 3o cgeo;False;"keyword: ""530"" ; supplyArea: ""3° Centro de Geoinformação""";0;"keyword=['530'] ←'mi 530' ; supplyArea=['3° Centro de Geoinformação'] ←'3o cgeo'";;
GM027;G;GM;"generate_dataset.py:gen_micodes · modelo ""MI {mi} produzido pelo {cgeo}"" · semente 42";MI 2965-2-NE produzido pelo 3 CGEO;False;"keyword: ""2965-2-NE"" ; supplyArea: ""3° Centro de Geoinformação""";0;"keyword=['2965-2-NE'] ←'mi 2965-2-ne' ; supplyArea=['3° Centro de Geoinformação'] ←'3 cgeo'";;
GM028;G;GM;"generate_dataset.py:gen_micodes · modelo ""MI {mi} produzido pelo {cgeo}"" · semente 42";MI 3010 produzido pelo segundo cgeo;False;"keyword: ""3010"" ; supplyArea: ""2° Centro de Geoinformação""";0;"keyword=['3010'] ←'mi 3010' ; supplyArea=['2° Centro de Geoinformação'] ←'segundo cgeo'";;
GT001;G;GT;"generate_dataset.py:gen_tempo · modelo ""cartas publicadas {tempo}"" · semente 42";cartas publicadas esse ano;False;publicationPeriod: ano corrente;0;publicationPeriod=[{'rel': 'ano_corrente'}] ←'esse ano';;
GT002;G;GT;"generate_dataset.py:gen_tempo · modelo ""cartas publicadas {tempo}"" · semente 42";cartas publicadas no ano passado;False;publicationPeriod: ano anterior, inteiro;0;publicationPeriod=[{'rel': 'ano_anterior'}] ←'ano passado';;
GT003;G;GT;"generate_dataset.py:gen_tempo · modelo ""cartas publicadas {tempo}"" · semente 42";cartas publicadas no mês passado;False;publicationPeriod: mês anterior, inteiro;0;publicationPeriod=[{'rel': 'mes_anterior'}] ←'mes passado';;
GT004;G;GT;"generate_dataset.py:gen_tempo · modelo ""cartas publicadas {tempo}"" · semente 42";cartas publicadas na semana passada;False;publicationPeriod: semana passada;0;publicationPeriod=[{'rel': 'semana_passada'}] ←'semana passada';;
GT005;G;GT;"generate_dataset.py:gen_tempo · modelo ""cartas publicadas {tempo}"" · semente 42";cartas publicadas nos últimos 3 meses;False;publicationPeriod: últimos 3 meses;0;publicationPeriod=[{'rel': 'ultimos_3_meses'}] ←'ultimos 3 meses';;
GT006;G;GT;"generate_dataset.py:gen_tempo · modelo ""cartas publicadas {tempo}"" · semente 42";cartas publicadas nos últimos 6 meses;False;publicationPeriod: últimos 6 meses;0;publicationPeriod=[{'rel': 'ultimos_6_meses'}] ←'ultimos 6 meses';;
GT007;G;GT;"generate_dataset.py:gen_tempo · modelo ""cartas publicadas {tempo}"" · semente 42";cartas publicadas nos últimos 5 anos;False;publicationPeriod: últimos 5 anos;0;publicationPeriod=[{'rel': 'ultimos_5_anos'}] ←'ultimos 5 anos';;
GT008;G;GT;"generate_dataset.py:gen_tempo · modelo ""cartas publicadas {tempo}"" · semente 42";cartas publicadas desde 2020;False;publicationPeriod: desde 2020;0;publicationPeriod=[{'rel': 'desde_2020'}] ←'desde 2020';;
GT009;G;GT;"generate_dataset.py:gen_tempo · modelo ""cartas publicadas {tempo}"" · semente 42";cartas publicadas depois de 2022;False;publicationPeriod: depois de 2022;0;publicationPeriod=[{'rel': 'depois_de_2022'}] ←'depois de 2022';;
GT010;G;GT;"generate_dataset.py:gen_tempo · modelo ""cartas publicadas {tempo}"" · semente 42";cartas publicadas antes de 2020;False;publicationPeriod: antes de 2020;0;publicationPeriod=[{'rel': 'antes_de_2020'}] ←'antes de 2020';;
GT011;G;GT;"generate_dataset.py:gen_tempo · modelo ""cartas publicadas {tempo}"" · semente 42";cartas publicadas entre 2022 e 2023;False;publicationPeriod: 2022-01-01 a 2023-12-31;0;publicationPeriod=[{'start': '2022-01-01', 'end': '2023-12-31'}] ←'entre 2022 e 2023';;
GT012;G;GT;"generate_dataset.py:gen_tempo · modelo ""cartas publicadas {tempo}"" · semente 42";cartas publicadas no primeiro trimestre deste ano;False;publicationPeriod: 1º trimestre do ano corrente;0;publicationPeriod=[{'rel': 'primeiro_trimestre_corrente'}] ←'primeiro trimestre';;
GT013;G;GT;"generate_dataset.py:gen_tempo · modelo ""cartas publicadas {tempo}"" · semente 42";cartas publicadas no segundo semestre do ano passado;False;publicationPeriod: 2º semestre do ano anterior;0;publicationPeriod=[{'rel': 'segundo_semestre_anterior'}] ←'segundo semestre do ano passado';;
GT014;G;GT;"generate_dataset.py:gen_tempo · modelo ""cartas publicadas {tempo}"" · semente 42";cartas publicadas nesta semana;False;publicationPeriod: semana corrente;0;publicationPeriod=[{'rel': 'semana_corrente'}] ←'nesta semana';;
GT015;G;GT;"generate_dataset.py:gen_tempo · modelo ""cartas publicadas {tempo}"" · semente 42";cartas publicadas hoje;False;publicationPeriod: dia da execução;0;publicationPeriod=[{'rel': 'hoje'}] ←'hoje';;
GT016;G;GT;"generate_dataset.py:gen_tempo · modelo ""cartas {prep} {estado} {verbo} {tempo}"" · semente 42";cartas de pernambuco publicadas desde 2020;False;"state: ""Pernambuco"" ; publicationPeriod: desde 2020";0;"state=['Pernambuco'] ←'pernambuco' ; publicationPeriod=[{'rel': 'desde_2020'}] ←'desde 2020'";;
GT017;G;GT;"generate_dataset.py:gen_tempo · modelo ""cartas {prep} {estado} {verbo} {tempo}"" · semente 42";cartas da bahia publicadas nos últimos 6 meses;False;"state: ""Bahia"" ; publicationPeriod: últimos 6 meses";0;"state=['Bahia'] ←'bahia' ; publicationPeriod=[{'rel': 'ultimos_6_meses'}] ←'ultimos 6 meses'";;
GT018;G;GT;"generate_dataset.py:gen_tempo · modelo ""cartas {prep} {estado} {verbo} {tempo}"" · semente 42";cartas do AP produzidas no segundo semestre do ano passado;False;"state: ""Amapá"" ; creationPeriod: 2º semestre do ano anterior";0;"state=['Amapá'] ←'AP' ; creationPeriod=[{'rel': 'segundo_semestre_anterior'}] ←'segundo semestre do ano passado'";;
GT019;G;GT;"generate_dataset.py:gen_tempo · modelo ""cartas {prep} {estado} {verbo} {tempo}"" · semente 42";cartas do MA publicadas no ano passado;False;"state: ""Maranhão"" ; publicationPeriod: ano anterior, inteiro";0;"state=['Maranhão'] ←'MA' ; publicationPeriod=[{'rel': 'ano_anterior'}] ←'ano passado'";;
GT020;G;GT;"generate_dataset.py:gen_tempo · modelo ""cartas {prep} {estado} {verbo} {tempo}"" · semente 42";cartas da Paraíba publicadas esse ano;False;"state: ""Paraíba"" ; publicationPeriod: ano corrente";0;"state=['Paraíba'] ←'paraiba' ; publicationPeriod=[{'rel': 'ano_corrente'}] ←'esse ano'";;
GT021;G;GT;"generate_dataset.py:gen_tempo · modelo ""cartas {prep} {estado} {verbo} {tempo}"" · semente 42";cartas de roraima elaboradas hoje;False;"state: ""Roraima"" ; creationPeriod: dia da execução";0;"state=['Roraima'] ←'roraima' ; creationPeriod=[{'rel': 'hoje'}] ←'hoje'";;
GT022;G;GT;"generate_dataset.py:gen_tempo · modelo ""cartas {prep} {estado} {verbo} {tempo}"" · semente 42";cartas de sergipe publicadas no primeiro trimestre deste ano;False;"state: ""Sergipe"" ; publicationPeriod: 1º trimestre do ano corrente";0;"state=['Sergipe'] ←'sergipe' ; publicationPeriod=[{'rel': 'primeiro_trimestre_corrente'}] ←'primeiro trimestre'";;
GT023;G;GT;"generate_dataset.py:gen_tempo · modelo ""cartas {prep} {estado} {verbo} {tempo}"" · semente 42";cartas de Rondônia publicadas depois de 2022;False;"state: ""Rondônia"" ; publicationPeriod: depois de 2022";0;"state=['Rondônia'] ←'rondonia' ; publicationPeriod=[{'rel': 'depois_de_2022'}] ←'depois de 2022'";;
GT024;G;GT;"generate_dataset.py:gen_tempo · modelo ""cartas {prep} {estado} {verbo} {tempo}"" · semente 42";cartas do Maranhão criadas nos últimos 3 meses;False;"state: ""Maranhão"" ; creationPeriod: últimos 3 meses";0;"state=['Maranhão'] ←'maranhao' ; creationPeriod=[{'rel': 'ultimos_3_meses'}] ←'ultimos 3 meses'";;
GT025;G;GT;"generate_dataset.py:gen_tempo · modelo ""cartas {prep} {estado} {verbo} {tempo}"" · semente 42";cartas da bahia publicadas antes de 2020;False;"state: ""Bahia"" ; publicationPeriod: antes de 2020";0;"state=['Bahia'] ←'bahia' ; publicationPeriod=[{'rel': 'antes_de_2020'}] ←'antes de 2020'";;
GT026;G;GT;"generate_dataset.py:gen_tempo · modelo ""produtos do {cgeo} {verbo} {tempo}"" · semente 42";produtos do 3o cgeo publicados no ano passado;False;"supplyArea: ""3° Centro de Geoinformação"" ; publicationPeriod: ano anterior, inteiro";0;"supplyArea=['3° Centro de Geoinformação'] ←'3o cgeo' ; publicationPeriod=[{'rel': 'ano_anterior'}] ←'ano passado'";;
GT027;G;GT;"generate_dataset.py:gen_tempo · modelo ""produtos do {cgeo} {verbo} {tempo}"" · semente 42";produtos do 3 CGEO publicados hoje;False;"supplyArea: ""3° Centro de Geoinformação"" ; publicationPeriod: dia da execução";0;"supplyArea=['3° Centro de Geoinformação'] ←'3 cgeo' ; publicationPeriod=[{'rel': 'hoje'}] ←'hoje'";;
GT028;G;GT;"generate_dataset.py:gen_tempo · modelo ""produtos do {cgeo} {verbo} {tempo}"" · semente 42";produtos do 3º CGEO criados no primeiro trimestre deste ano;False;"supplyArea: ""3° Centro de Geoinformação"" ; creationPeriod: 1º trimestre do ano corrente";0;"supplyArea=['3° Centro de Geoinformação'] ←'3 cgeo' ; creationPeriod=[{'rel': 'primeiro_trimestre_corrente'}] ←'primeiro trimestre'";;
GT029;G;GT;"generate_dataset.py:gen_tempo · modelo ""produtos do {cgeo} {verbo} {tempo}"" · semente 42";produtos do quarto cgeo publicados depois de 2022;False;"supplyArea: ""4° Centro de Geoinformação"" ; publicationPeriod: depois de 2022";0;"supplyArea=['4° Centro de Geoinformação'] ←'quarto cgeo' ; publicationPeriod=[{'rel': 'depois_de_2022'}] ←'depois de 2022'";;
GT030;G;GT;"generate_dataset.py:gen_tempo · modelo ""produtos do {cgeo} {verbo} {tempo}"" · semente 42";produtos do 1º CGEO publicados no mês passado;False;"supplyArea: ""1° Centro de Geoinformação"" ; publicationPeriod: mês anterior, inteiro";0;"supplyArea=['1° Centro de Geoinformação'] ←'1 cgeo' ; publicationPeriod=[{'rel': 'mes_anterior'}] ←'mes passado'";;
GT031;G;GT;"generate_dataset.py:gen_tempo · modelo ""produtos do {cgeo} {verbo} {tempo}"" · semente 42";produtos do terceiro cgeo criados nos últimos 3 meses;False;"supplyArea: ""3° Centro de Geoinformação"" ; creationPeriod: últimos 3 meses";0;"supplyArea=['3° Centro de Geoinformação'] ←'terceiro cgeo' ; creationPeriod=[{'rel': 'ultimos_3_meses'}] ←'ultimos 3 meses'";;
GT032;G;GT;"generate_dataset.py:gen_tempo · modelo ""produtos do {cgeo} {verbo} {tempo}"" · semente 42";produtos do 2 CGEO publicados antes de 2020;False;"supplyArea: ""2° Centro de Geoinformação"" ; publicationPeriod: antes de 2020";0;"supplyArea=['2° Centro de Geoinformação'] ←'2 cgeo' ; publicationPeriod=[{'rel': 'antes_de_2020'}] ←'antes de 2020'";;
GT033;G;GT;"generate_dataset.py:gen_tempo · modelo ""produtos do {cgeo} {verbo} {tempo}"" · semente 42";produtos do 5 CGEO publicados na semana passada;False;"supplyArea: ""5° Centro de Geoinformação"" ; publicationPeriod: semana passada";0;"supplyArea=['5° Centro de Geoinformação'] ←'5 cgeo' ; publicationPeriod=[{'rel': 'semana_passada'}] ←'semana passada'";;
GT034;G;GT;"generate_dataset.py:gen_tempo · modelo ""cartas {frase de escala} {verbo} {tempo}"" · semente 42";cartas na escala 1:5.000 publicadas depois de 2022;False;"scale: ""1:5.000"" ; publicationPeriod: depois de 2022";0;"scale=['1:5.000'] ←'1:5.000' ; publicationPeriod=[{'rel': 'depois_de_2022'}] ←'depois de 2022'";;
GT035;G;GT;"generate_dataset.py:gen_tempo · modelo ""cartas {frase de escala} {verbo} {tempo}"" · semente 42";cartas na escala 1:5000 publicadas esse ano;False;"scale: ""1:5.000"" ; publicationPeriod: ano corrente";0;"scale=['1:5.000'] ←'1:5000' ; publicationPeriod=[{'rel': 'ano_corrente'}] ←'esse ano'";;
GT036;G;GT;"generate_dataset.py:gen_tempo · modelo ""cartas {frase de escala} {verbo} {tempo}"" · semente 42";cartas na escala de 25 mil criadas no ano passado;False;"scale: ""1:25.000"" ; creationPeriod: ano anterior, inteiro";0;"scale=['1:25.000'] ←'escala de 25 mil' ; creationPeriod=[{'rel': 'ano_anterior'}] ←'ano passado'";;
GT037;G;GT;"generate_dataset.py:gen_tempo · modelo ""cartas {frase de escala} {verbo} {tempo}"" · semente 42";cartas em 50k publicadas no segundo semestre do ano passado;False;"scale: ""1:50.000"" ; publicationPeriod: 2º semestre do ano anterior";0;"scale=['1:50.000'] ←'50k' ; publicationPeriod=[{'rel': 'segundo_semestre_anterior'}] ←'segundo semestre do ano passado'";;
GT038;G;GT;"generate_dataset.py:gen_tempo · modelo ""cartas {frase de escala} {verbo} {tempo}"" · semente 42";cartas na escala de 10 mil publicadas no mês passado;False;"scale: ""1:10.000"" ; publicationPeriod: mês anterior, inteiro";0;"scale=['1:10.000'] ←'escala de 10 mil' ; publicationPeriod=[{'rel': 'mes_anterior'}] ←'mes passado'";;
GT039;G;GT;"generate_dataset.py:gen_tempo · modelo ""cartas {frase de escala} {verbo} {tempo}"" · semente 42";cartas na escala 1:2.000 elaboradas hoje;False;"scale: ""1:2.000"" ; creationPeriod: dia da execução";0;"scale=['1:2.000'] ←'1:2.000' ; creationPeriod=[{'rel': 'hoje'}] ←'hoje'";;
GT040;G;GT;"generate_dataset.py:gen_tempo · modelo ""cartas {frase de escala} {verbo} {tempo}"" · semente 42";cartas na escala de 100 mil publicadas nesta semana;False;"scale: ""1:100.000"" ; publicationPeriod: semana corrente";0;"scale=['1:100.000'] ←'escala de 100 mil' ; publicationPeriod=[{'rel': 'semana_corrente'}] ←'nesta semana'";;
GT041;G;GT;"generate_dataset.py:gen_tempo · modelo ""cartas {frase de escala} {verbo} {tempo}"" · semente 42";cartas na escala 1:5000 publicadas nos últimos 6 meses;False;"scale: ""1:5.000"" ; publicationPeriod: últimos 6 meses";0;"scale=['1:5.000'] ←'1:5000' ; publicationPeriod=[{'rel': 'ultimos_6_meses'}] ←'ultimos 6 meses'";;
GO001;G;GO;"generate_dataset.py:gen_ordenacao · modelo ""a carta mais recente {prep} {estado}"" · semente 42";a carta mais recente do CE;False;"state: ""Ceará"" ; sortField: ""publicationDate"" ou ""creationDate"" ; sortDirection: ""DESC"" ; limit: 1 (opcional)";0;"state=['Ceará'] ←'CE' ; sortDirection=['DESC'] ←'mais recente' ; sortField=['publicationDate', 'creationDate'] ←'(sem pista ligada à ordenação)'";;
GO002;G;GO;"generate_dataset.py:gen_ordenacao · modelo ""a carta mais antiga {prep} {estado}"" · semente 42";a carta mais antiga do PA;False;"state: ""Pará"" ; sortField: ""publicationDate"" ou ""creationDate"" ; sortDirection: ""ASC"" ; limit: 1 (opcional)";0;"state=['Pará'] ←'PA' ; sortDirection=['ASC'] ←'mais antiga' ; sortField=['publicationDate', 'creationDate'] ←'(sem pista ligada à ordenação)'";;
GO003;G;GO;"generate_dataset.py:gen_ordenacao · modelo ""as cartas mais recentes {prep} {estado}"" · semente 42";as cartas mais recentes do Ceará;False;"state: ""Ceará"" ; sortField: ""publicationDate"" ou ""creationDate"" ; sortDirection: ""DESC""";0;"state=['Ceará'] ←'ceara' ; sortDirection=['DESC'] ←'mais recente' ; sortField=['publicationDate', 'creationDate'] ←'(sem pista ligada à ordenação)'";;
GO004;G;GO;"generate_dataset.py:gen_ordenacao · modelo ""as cartas mais antigas {prep} {estado}"" · semente 42";as cartas mais antigas de mato grosso;False;"state: ""Mato Grosso"" ; sortField: ""publicationDate"" ou ""creationDate"" ; sortDirection: ""ASC""";0;"state=['Mato Grosso'] ←'mato grosso' ; sortDirection=['ASC'] ←'mais antigas' ; sortField=['publicationDate', 'creationDate'] ←'(sem pista ligada à ordenação)'";;
GO005;G;GO;"generate_dataset.py:gen_ordenacao · modelo ""a primeira carta produzida {prep} {estado}"" · semente 42";a primeira carta produzida de sergipe;False;"state: ""Sergipe"" ; sortField: ""creationDate"" ; sortDirection: ""ASC"" ; limit: 1 (opcional)";0;"state=['Sergipe'] ←'sergipe' ; sortDirection=['ASC'] ←'primeira' ; sortField=['creationDate'] ←'primeira carta produzida'";;
GO006;G;GO;"generate_dataset.py:gen_ordenacao · modelo ""a última carta publicada {prep} {estado}"" · semente 42";a última carta publicada de GO;False;"state: ""Goiás"" ; sortField: ""publicationDate"" ; sortDirection: ""DESC"" ; limit: 1 (opcional)";0;"state=['Goiás'] ←'GO' ; sortDirection=['DESC'] ←'ultima' ; sortField=['publicationDate'] ←'ultima carta publicada'";;
GO007;G;GO;"generate_dataset.py:gen_ordenacao · modelo ""as 3 cartas mais antigas {prep} {estado}"" · semente 42";as 3 cartas mais antigas de sergipe;False;"state: ""Sergipe"" ; sortField: ""publicationDate"" ou ""creationDate"" ; sortDirection: ""ASC"" ; limit: 3";0;"state=['Sergipe'] ←'sergipe' ; sortDirection=['ASC'] ←'mais antigas' ; sortField=['publicationDate', 'creationDate'] ←'(sem pista ligada à ordenação)' ; limit=[3] ←'3 cartas'";;
GO008;G;GO;"generate_dataset.py:gen_ordenacao · modelo ""as 5 publicações mais recentes {prep} {estado}"" · semente 42";as 5 publicações mais recentes de MG;False;"state: ""Minas Gerais"" ; sortField: ""publicationDate"" ; sortDirection: ""DESC"" ; limit: 5";0;"state=['Minas Gerais'] ←'MG' ; sortDirection=['DESC'] ←'mais recente' ; sortField=['publicationDate'] ←'publicacoes mais recentes' ; limit=[5] ←'5 publicacoes'";;
GO009;G;GO;"generate_dataset.py:gen_ordenacao · modelo ""as 10 cartas criadas mais recentemente {prep} {estado}"" · semente 42";as 10 cartas criadas mais recentemente do PR;False;"state: ""Paraná"" ; sortField: ""creationDate"" ; sortDirection: ""DESC"" ; limit: 10";0;"state=['Paraná'] ←'PR' ; sortDirection=['DESC'] ←'mais recente' ; sortField=['creationDate'] ←'criadas mais recentemente' ; limit=[10] ←'10 cartas'";;
GO010;G;GO;"generate_dataset.py:gen_ordenacao · modelo ""cartas {prep} {estado} em ordem cronológica de publicação"" · semente 42";cartas do distrito federal em ordem cronológica de publicação;False;"state: ""Distrito Federal"" ; sortField: ""publicationDate"" ; sortDirection: ""ASC""";0;"state=['Distrito Federal'] ←'distrito federal' ; sortDirection=['ASC'] ←'ordem cronologica' ; sortField=['publicationDate'] ←'cronologica de publicacao'";;
GO011;G;GO;"generate_dataset.py:gen_ordenacao · modelo ""as {pl} mais recentes"" · semente 42";as cartas temáticas mais recentes;False;"productType: ""Cartas Temáticas Não SCN"" ; sortField: ""publicationDate"" ou ""creationDate"" ; sortDirection: ""DESC""";0;"productType=['Cartas Temáticas Não SCN'] ←'tematic' ; sortDirection=['DESC'] ←'mais recente' ; sortField=['publicationDate', 'creationDate'] ←'(sem pista ligada à ordenação)'";;
GO012;G;GO;"generate_dataset.py:gen_ordenacao · modelo ""as 3 {pl} mais antigas"" · semente 42";as 3 cartas CIRC mais antigas;False;"productType: ""CIRC"" ; sortField: ""publicationDate"" ou ""creationDate"" ; sortDirection: ""ASC"" ; limit: 3";0;"productType=['CIRC'] ←'circ' ; sortDirection=['ASC'] ←'mais antigas' ; sortField=['publicationDate', 'creationDate'] ←'(sem pista ligada à ordenação)' ; limit=[3] ←'3 cartas'";;
GO013;G;GO;"generate_dataset.py:gen_ordenacao · modelo ""a última {sg} publicada"" · semente 42";a última ortoimagem publicada;False;"productType: ""SCN Carta Ortoimagem"" ; sortField: ""publicationDate"" ; sortDirection: ""DESC"" ; limit: 1 (opcional)";0;"productType=['SCN Carta Ortoimagem'] ←'ortoimage' ; sortDirection=['DESC'] ←'ultima' ; sortField=['publicationDate'] ←'ultima ortoimagem publicada'";;
GO014;G;GO;"generate_dataset.py:gen_ordenacao · modelo ""a primeira {sg} elaborada"" · semente 42";a primeira carta topográfica vetorial elaborada;False;"productType: ""SCN Carta Topográfica Vetorial"" ; sortField: ""creationDate"" ; sortDirection: ""ASC"" ; limit: 1 (opcional)";0;"productType=['SCN Carta Topográfica Vetorial'] ←'vetoria' ; sortDirection=['ASC'] ←'primeira' ; sortField=['creationDate'] ←'primeira carta topografica vetorial elaborada'";;
GO015;G;GO;"generate_dataset.py:gen_ordenacao · modelo ""{pl} da mais nova para a mais antiga"" · semente 42";cartas topográficas da mais nova para a mais antiga;False;"productType: ""SCN Carta Topográfica Matricial"" ; sortField: ""publicationDate"" ou ""creationDate"" ; sortDirection: ""DESC""";0;"productType=['SCN Carta Topográfica Matricial'] ←'topografic' ; sortDirection=['DESC'] ←'mais nova' ; sortField=['publicationDate', 'creationDate'] ←'(sem pista ligada à ordenação)'";;
GO016;G;GO;"generate_dataset.py:gen_ordenacao · modelo ""as cartas mais recentes publicadas {t}"" · semente 42";as cartas mais recentes publicadas entre 2022 e 2023;False;"publicationPeriod: 2022-01-01 a 2023-12-31 ; sortField: ""publicationDate"" ou ""creationDate"" ; sortDirection: ""DESC""";0;"publicationPeriod=[{'start': '2022-01-01', 'end': '2023-12-31'}] ←'entre 2022 e 2023' ; sortDirection=['DESC'] ←'mais recente' ; sortField=['publicationDate', 'creationDate'] ←'(sem pista ligada à ordenação)'";;
GO017;G;GO;"generate_dataset.py:gen_ordenacao · modelo ""a primeira carta criada {t}"" · semente 42";a primeira carta criada na semana passada;False;"creationPeriod: semana passada ; sortField: ""creationDate"" ; sortDirection: ""ASC"" ; limit: 1 (opcional)";0;"creationPeriod=[{'rel': 'semana_passada'}] ←'semana passada' ; sortDirection=['ASC'] ←'primeira' ; sortField=['creationDate'] ←'primeira carta criada'";;
GO018;G;GO;"generate_dataset.py:gen_ordenacao · modelo ""as 5 cartas mais antigas publicadas {t}"" · semente 42";as 5 cartas mais antigas publicadas nos últimos 5 anos;False;"publicationPeriod: últimos 5 anos ; sortField: ""publicationDate"" ou ""creationDate"" ; sortDirection: ""ASC"" ; limit: 5";0;"publicationPeriod=[{'rel': 'ultimos_5_anos'}] ←'ultimos 5 anos' ; sortDirection=['ASC'] ←'mais antigas' ; sortField=['publicationDate', 'creationDate'] ←'(sem pista ligada à ordenação)' ; limit=[5] ←'5 cartas'";;
GO019;G;GO;"generate_dataset.py:gen_ordenacao · modelo ""a última carta publicada {t}"" · semente 42";a última carta publicada nos últimos 6 meses;False;"publicationPeriod: últimos 6 meses ; sortField: ""publicationDate"" ; sortDirection: ""DESC"" ; limit: 1 (opcional)";0;"publicationPeriod=[{'rel': 'ultimos_6_meses'}] ←'ultimos 6 meses' ; sortDirection=['DESC'] ←'ultima' ; sortField=['publicationDate'] ←'ultima carta publicada'";;
GA001;G;GA;"generate_dataset.py:gen_ambiguas_extras · modelo ""mapas {prep} {sigla}"" · semente 42";mapas de pe;False;"state: ""Pernambuco""";0;state=['Pernambuco'] ←'pe';;
GA002;G;GA;"generate_dataset.py:gen_ambiguas_extras · modelo ""mapas {prep} {sigla}"" · semente 42";mapas do pr;False;"state: ""Paraná""";0;state=['Paraná'] ←'pr';;
GA003;G;GA;"generate_dataset.py:gen_ambiguas_extras · modelo ""mapas {prep} {sigla}"" · semente 42";mapas de sc;False;"state: ""Santa Catarina""";0;state=['Santa Catarina'] ←'sc';;
GA004;G;GA;"generate_dataset.py:gen_ambiguas_extras · modelo ""mapas {prep} {sigla}"" · semente 42";mapas de go;False;"state: ""Goiás""";0;state=['Goiás'] ←'go';;
GA005;G;GA;"generate_dataset.py:gen_ambiguas_extras · modelo ""mapas {prep} {sigla}"" · semente 42";mapas do ce;False;"state: ""Ceará""";0;state=['Ceará'] ←'ce';;
GA006;G;GA;"generate_dataset.py:gen_ambiguas_extras · modelo ""mapas {prep} {sigla}"" · semente 42";mapas do pa;False;"state: ""Pará""";0;state=['Pará'] ←'pa';;
GA007;G;GA;"generate_dataset.py:gen_ambiguas_extras · modelo ""mapas {prep} {estado sem acento}"" · semente 42";mapas de goias;False;"state: ""Goiás""";0;state=['Goiás'] ←'goias';;
GA008;G;GA;"generate_dataset.py:gen_ambiguas_extras · modelo ""mapas {prep} {estado sem acento}"" · semente 42";mapas de rondonia;False;"state: ""Rondônia""";0;state=['Rondônia'] ←'rondonia';;
GA009;G;GA;"generate_dataset.py:gen_ambiguas_extras · modelo ""mapas {prep} {estado sem acento}"" · semente 42";mapas do piaui;False;"state: ""Piauí""";0;state=['Piauí'] ←'piaui';;
GA010;G;GA;"generate_dataset.py:gen_ambiguas_extras · modelo ""mapas {prep} {estado sem acento}"" · semente 42";mapas do amapa;False;"state: ""Amapá""";0;state=['Amapá'] ←'amapa';;
GA011;G;GA;"generate_dataset.py:gen_ambiguas_extras · modelo ""mapas {prep} {estado sem acento}"" · semente 42";mapas do maranhao;False;"state: ""Maranhão""";0;state=['Maranhão'] ←'maranhao';;
GA012;G;GA;"generate_dataset.py:gen_ambiguas_extras · modelo ""mapas {prep} {estado sem acento}"" · semente 42";mapas da paraiba;False;"state: ""Paraíba""";0;state=['Paraíba'] ←'paraiba';;
GA013;G;GA;"generate_dataset.py:gen_ambiguas_extras · modelo ""mapas de {município sem acento}"" · semente 42";mapas de cuiaba;False;"city: ""Cuiabá""";0;city=['Cuiabá'] ←'cuiaba';;
GA014;G;GA;"generate_dataset.py:gen_ambiguas_extras · modelo ""mapas de {município sem acento}"" · semente 42";mapas de goiania;False;"city: ""Goiânia""";0;city=['Goiânia'] ←'goiania';;
GA015;G;GA;"generate_dataset.py:gen_ambiguas_extras · modelo ""mapas de {município sem acento}"" · semente 42";mapas de belem;False;"city: ""Belém""";0;city=['Belém'] ←'belem';;
GA016;G;GA;"generate_dataset.py:gen_ambiguas_extras · modelo ""mapas de {município sem acento}"" · semente 42";mapas de brasilia;False;"city: ""Brasília""";0;city=['Brasília'] ←'brasilia';;
GA017;G;GA;"generate_dataset.py:gen_ambiguas_extras · modelo ""(fixo)"" · semente 42";cartas do rio em 50k;False;"state: ""Rio de Janeiro"" ; scale: ""1:50.000""";1;"scale=['1:50.000'] ←'50k' ; state|city=['Rio de Janeiro'] ←'rio'";;
GA018;G;GA;"generate_dataset.py:gen_ambiguas_extras · modelo ""(fixo)"" · semente 42";mapas detalhados do Amazonas;False;"scale: ""1:25.000"" ; state: ""Amazonas""";0;"scale=['1:25.000'] ←'detalhada' ; state=['Amazonas'] ←'amazonas'";;
GA019;G;GA;"generate_dataset.py:gen_ambiguas_extras · modelo ""(fixo)"" · semente 42";cartas em pequena escala do sul;False;"scale: ""1:250.000""";0;"scale=['1:250.000'] ←'pequena escala' ; __regiao__=['sul'] ←'sul'";;
GA020;G;GA;"generate_dataset.py:gen_ambiguas_extras · modelo ""(fixo)"" · semente 42";produtos em média escala;False;"scale: ""1:50.000"" ou ""1:100.000""";0;scale=['1:50.000', '1:100.000'] ←'média escala';;
GA021;G;GA;"generate_dataset.py:gen_ambiguas_extras · modelo ""cartas {prep} {estado} em {k}"" · semente 42";cartas de Goiás em 25k;False;"state: ""Goiás"" ; scale: ""1:25.000""";0;"scale=['1:25.000'] ←'25k' ; state=['Goiás'] ←'goias'";;
GA022;G;GA;"generate_dataset.py:gen_ambiguas_extras · modelo ""cartas {prep} {estado} em {k}"" · semente 42";cartas do Tocantins em 50k;False;"state: ""Tocantins"" ; scale: ""1:50.000""";0;"scale=['1:50.000'] ←'50k' ; state=['Tocantins'] ←'tocantins'";;
GA023;G;GA;"generate_dataset.py:gen_ambiguas_extras · modelo ""cartas {prep} {estado} em {k}"" · semente 42";cartas de Mato Grosso do Sul em 100k;False;"state: ""Mato Grosso do Sul"" ; scale: ""1:100.000""";0;"scale=['1:100.000'] ←'100k' ; state=['Mato Grosso do Sul'] ←'mato grosso do sul'";;
GA024;G;GA;"generate_dataset.py:gen_ambiguas_extras · modelo ""cartas {prep} {estado} em {k}"" · semente 42";cartas de Pernambuco em 250k;False;"state: ""Pernambuco"" ; scale: ""1:250.000""";0;"scale=['1:250.000'] ←'250k' ; state=['Pernambuco'] ←'pernambuco'";;
GP001;G;GP;"generate_dataset.py:gen_multi_produto · modelo ""todas as cartas {prep} {estado}"" · semente 42";todas as cartas de Rondônia;False;"state: ""Rondônia""";0;state=['Rondônia'] ←'rondonia';;
GP002;G;GP;"generate_dataset.py:gen_multi_produto · modelo ""todas as cartas {prep} {estado}"" · semente 42";todas as cartas do Tocantins;False;"state: ""Tocantins""";0;state=['Tocantins'] ←'tocantins';;
GP003;G;GP;"generate_dataset.py:gen_multi_produto · modelo ""todas as cartas {prep} {estado}"" · semente 42";todas as cartas do Piauí;False;"state: ""Piauí""";0;state=['Piauí'] ←'piaui';;
GP004;G;GP;"generate_dataset.py:gen_multi_produto · modelo ""todas as cartas {prep} {estado}"" · semente 42";todas as cartas de Mato Grosso;False;"state: ""Mato Grosso""";0;state=['Mato Grosso'] ←'mato grosso';;
GP005;G;GP;"generate_dataset.py:gen_multi_produto · modelo ""todas as cartas {prep} {estado}"" · semente 42";todas as cartas do Acre;False;"state: ""Acre""";0;state=['Acre'] ←'acre';;
GP006;G;GP;"generate_dataset.py:gen_multi_produto · modelo ""todos os produtos do {cgeo}"" · semente 42";todos os produtos do 1° Centro de Geoinformação;False;"supplyArea: ""1° Centro de Geoinformação""";0;supplyArea=['1° Centro de Geoinformação'] ←'1 centro de geoinformacao';;
GP007;G;GP;"generate_dataset.py:gen_multi_produto · modelo ""todos os produtos do {cgeo}"" · semente 42";todos os produtos do 2° Centro de Geoinformação;False;"supplyArea: ""2° Centro de Geoinformação""";0;supplyArea=['2° Centro de Geoinformação'] ←'2 centro de geoinformacao';;
GP008;G;GP;"generate_dataset.py:gen_multi_produto · modelo ""todos os produtos do {cgeo}"" · semente 42";todos os produtos do 3° Centro de Geoinformação;False;"supplyArea: ""3° Centro de Geoinformação""";0;supplyArea=['3° Centro de Geoinformação'] ←'3 centro de geoinformacao';;
GP009;G;GP;"generate_dataset.py:gen_multi_produto · modelo ""todos os produtos do {cgeo}"" · semente 42";todos os produtos do 4° Centro de Geoinformação;False;"supplyArea: ""4° Centro de Geoinformação""";0;supplyArea=['4° Centro de Geoinformação'] ←'4 centro de geoinformacao';;
GP010;G;GP;"generate_dataset.py:gen_multi_produto · modelo ""todos os produtos do {cgeo}"" · semente 42";todos os produtos do 5° Centro de Geoinformação;False;"supplyArea: ""5° Centro de Geoinformação""";0;supplyArea=['5° Centro de Geoinformação'] ←'5 centro de geoinformacao';;
GP011;G;GP;"generate_dataset.py:gen_multi_produto · modelo ""cartas na escala {escala} {prep} {estado}"" · semente 42";cartas na escala 1:2.000 do Rio Grande do Norte;False;"scale: ""1:2.000"" ; state: ""Rio Grande do Norte""";0;"scale=['1:2.000'] ←'1:2.000' ; state=['Rio Grande do Norte'] ←'rio grande do norte'";;
GP012;G;GP;"generate_dataset.py:gen_multi_produto · modelo ""cartas na escala {escala} {prep} {estado}"" · semente 42";cartas na escala 1:5.000 de Alagoas;False;"scale: ""1:5.000"" ; state: ""Alagoas""";0;"scale=['1:5.000'] ←'1:5.000' ; state=['Alagoas'] ←'alagoas'";;
GP013;G;GP;"generate_dataset.py:gen_multi_produto · modelo ""cartas na escala {escala} {prep} {estado}"" · semente 42";cartas na escala 1:250.000 do Rio Grande do Sul;False;"scale: ""1:250.000"" ; state: ""Rio Grande do Sul""";0;"scale=['1:250.000'] ←'1:250.000' ; state=['Rio Grande do Sul'] ←'rio grande do sul'";;
GF001;G;GF;"generate_dataset.py:gen_fronteira · modelo ""(fixo)"" · semente 42";me ajuda;True;não chamar;0;;;
GF002;G;GF;"generate_dataset.py:gen_fronteira · modelo ""(fixo)"" · semente 42";cartas de Marte;True;não chamar;0;;;
GF003;G;GF;"generate_dataset.py:gen_fronteira · modelo ""(fixo)"" · semente 42";cartas da Argentina;True;não chamar;0;;;
GF004;G;GF;"generate_dataset.py:gen_fronteira · modelo ""(fixo)"" · semente 42";qual a previsão do tempo para amanhã em Manaus?;True;não chamar;0;"state=['Pará'] ←'para' ; city=['Manaus'] ←'manaus'";;
GF005;G;GF;"generate_dataset.py:gen_fronteira · modelo ""(fixo)"" · semente 42";quanto custa uma carta topográfica?;True;não chamar;0;productType=['SCN Carta Topográfica Matricial'] ←'topografic';;
GF006;G;GF;"generate_dataset.py:gen_fronteira · modelo ""(fixo)"" · semente 42";mapa do tesouro pirata;True;não chamar;0;;;
GF007;G;GF;"generate_dataset.py:gen_fronteira · modelo ""(fixo)"" · semente 42";cartas do estado 42;True;não chamar;0;;;
