id;origem;consulta;leituras_aceitas;concorda (S/N);comentario
P21;P;preciso das 5 cartas mais antigas do tipo ortoimg em escala detalhada do terceiro cgeo em pernambuco publicadas depois de 2020;"limit: 5; productType: ""SCN Carta Ortoimagem""; scale: ""1:25.000""; supplyArea: ""3° Centro de Geoinformação""; state: ""Pernambuco""; publicationPeriod: depois de 2020; sortField: ""creationDate"" ou ""publicationDate""; sortDirection: ""ASC""";;
P04;P;carta 530 em pequena escala;"keyword: ""530""; scale: ""1:250.000""";;
P01;P;preciso da carta MI 2965-2-NE do segundo cgeo;"keyword: ""2965-2-NE""; supplyArea: ""2° Centro de Geoinformação""";;
P09;P;folha Porto Velho publicada em 2024;"keyword: ""Porto Velho""; publicationPeriod: 2024-01-01 a 2024-12-31 || publicationPeriod: 2024-01-01 a 2024-12-31; city: ""Porto Velho""";;
P08;P;carta topográfica Passo da Seringueira em 1:25.000;"keyword: ""Passo da Seringueira""; scale: ""1:25.000""; productType: ""SCN Carta Topográfica Matricial""";;
P18;P;produtos da copa das confederacoes em fortaleza;"project: ""Copa das Confederações""; city: ""Fortaleza""";;
N09;N;produtos do Amazonas;"state: ""Amazonas""";;
N07;N;modelos digitais de terreno;"productType: ""MDT — RAM""";;
N35;N;sf22yd do dois cgeo;"keyword: ""SF-22-Y-D""; supplyArea: ""2° Centro de Geoinformação""";;
N06;N;folha SF-22-Y-D;"keyword: ""SF-22-Y-D""";;
N28;N;carta MI 2901 mais recente;"keyword: ""2901""; sortField: ""publicationDate"" ou ""creationDate""; sortDirection: ""DESC""; limit: 1 (opcional)";;
N03;N;ortoimagens;"productType: ""SCN Carta Ortoimagem""";;
N02;N;produtos em escala 1:50.000;"scale: ""1:50.000""";;
N37;N;quero um mapa bonito;não chamar a ferramenta;;
N14;N;folha 2965-2 do Rio Grande do Sul;"keyword: ""2965-2""; state: ""Rio Grande do Sul""";;
N08;N;cartas topográficas;"productType: ""SCN Carta Topográfica Matricial""";;
GM014;G;INOM SF-22-Y-D-II do tipo ortoimagem;"keyword: ""SF-22-Y-D-II""; productType: ""SCN Carta Ortoimagem""";;
GT011;G;cartas publicadas entre 2022 e 2023;publicationPeriod: 2022-01-01 a 2023-12-31;;
GS007;G;cartas do DF;"state: ""Distrito Federal""";;
GM028;G;MI 3010 produzido pelo segundo cgeo;"keyword: ""3010""; supplyArea: ""2° Centro de Geoinformação""";;
GS051;G;carta MI 530;"keyword: ""530""";;
GT040;G;cartas na escala de 100 mil publicadas nesta semana;"scale: ""1:100.000""; publicationPeriod: semana corrente";;
GT023;G;cartas de Rondônia publicadas depois de 2022;"state: ""Rondônia""; publicationPeriod: depois de 2022";;
GT036;G;cartas na escala de 25 mil criadas no ano passado;"scale: ""1:25.000""; creationPeriod: ano anterior, inteiro";;
GM024;G;MI 2866-3 produzido pelo quinto cgeo;"keyword: ""2866-3""; supplyArea: ""5° Centro de Geoinformação""";;
GC047;G;produtos do projeto NGA-BECA no Distrito Federal;"project: ""NGA-BECA""; state: ""Distrito Federal""";;
GS057;G;folha INOM SF-22-Y-D-II;"keyword: ""SF-22-Y-D-II""";;
GC054;G;cartas do 2 CGEO na escala 1:25000;"supplyArea: ""2° Centro de Geoinformação""; scale: ""1:25.000""";;
GT007;G;cartas publicadas nos últimos 5 anos;publicationPeriod: últimos 5 anos;;
GC011;G;cartas do Piauí na escala 1:10000;"state: ""Piauí""; scale: ""1:10.000""";;
GA004;G;mapas de go;"state: ""Goiás""";;
GA019;G;cartas em pequena escala do sul;"scale: ""1:250.000""";;
GS002;G;cartas de AL;"state: ""Alagoas""";;
GO010;G;cartas do distrito federal em ordem cronológica de publicação;"state: ""Distrito Federal""; sortField: ""publicationDate""; sortDirection: ""ASC""";;
GA003;G;mapas de sc;"state: ""Santa Catarina""";;
GS041;G;cartas de Cuiabá;"city: ""Cuiabá""";;
GT035;G;cartas na escala 1:5000 publicadas esse ano;"scale: ""1:5.000""; publicationPeriod: ano corrente";;
GC048;G;produtos do projeto beca no espírito santo;"project: ""NGA-BECA""; state: ""Espírito Santo""";;
GC027;G;cartas do maranhão na escala 1:5.000;"state: ""Maranhão""; scale: ""1:5.000""";;
GP007;G;todos os produtos do 2° Centro de Geoinformação;"supplyArea: ""2° Centro de Geoinformação""";;
